username,account_age_days,followers_count,following_count,posts_count,has_profile_pic,has_bio,is_verified,has_url,avg_likes_per_post,avg_retweets_per_post,posting_frequency_per_day,bio_length,username_digits_count,follower_following_ratio,engagement_rate,profile_completeness,is_bot
user_1000_0,2528,977,1392,1879,1,1,0,0,24.14,2.36,1.36,41,0,0.7014,55.4478,1.6,0
user_1001_0,877,460,304,411,1,0,0,0,22.78,2.3,1.74,0,0,1.5082,24.4104,0.5,0
user_1002_0,666,511,456,908,1,1,0,1,19.75,5.26,2.31,62,0,1.1182,53.682,1.8,0
user_1003_0,1531,507,685,127,1,1,0,0,26.25,5.36,1.95,59,0,0.7391,9.2425,1.6,0
user_1004_7,57,105,1722,844,0,1,0,0,1.33,0.38,27.56,22,7,0.0609,16.6411,0.5,1
user_1005_4,95,13212,4188,28,1,0,0,0,0.64,0.64,0.19,0,4,3.154,0.0041,0.5,1
user_1006_5,224,8,1535,3,0,0,0,0,0.0,0.0,0.0,0,5,0.0052,0.0,0.2,1
user_1007_0,2243,890,1136,1675,1,1,0,1,19.4,4.09,0.12,71,0,0.7828,51.8479,1.8,0
user_1008_0,801,16384,935,2904,1,1,1,1,1656.9,152.99,7.8,71,0,17.5043,347.8916,1.8,0
user_1009_0,150,621,325,688,1,1,0,1,24.14,1.2,1.93,84,0,1.9049,29.3561,1.8,0
user_1010_2,81,14510,4045,9,1,0,0,0,0.68,0.59,0.35,0,2,3.5863,0.0012,0.5,1
user_1011_0,808,61806,960,1934,1,1,1,1,377.53,144.28,1.79,126,0,64.3143,20.8426,1.8,0
user_1012_7,52,163,2346,295,1,1,0,0,0.51,0.28,91.23,27,7,0.0695,1.9247,0.8,1
user_1013_6,59,34,2065,4676,1,0,0,0,1.0,0.0,31.88,0,6,0.0165,133.6,0.5,1
user_1014_4,83,6809,3884,37,0,0,0,1,3.42,0.85,0.35,0,4,1.7526,0.0278,0.4,1
user_1015_0,486,316,285,839,1,1,0,0,24.62,1.57,0.16,89,0,1.1049,73.4721,1.6,0
user_1016_0,2376,579,885,479,1,1,0,1,24.22,3.85,1.47,74,0,0.6535,26.3615,1.8,0
user_1017_5,118,5263,5028,38,1,1,0,0,1.82,0.81,0.41,36,5,1.0465,0.0248,1.6,1
user_1018_0,1335,90047,815,5983,1,1,1,1,694.98,157.73,1.66,129,0,110.3517,67.136,1.8,0
user_1019_4,18,12399,3605,31,0,0,0,1,2.12,0.13,0.29,0,4,3.4384,0.006,0.4,1
user_1020_0,900,810,557,403,1,1,0,0,12.71,5.2,1.15,45,0,1.4516,11.4838,1.6,0
user_1021_0,350,1752,1002,1577,1,1,0,1,12.15,0.94,1.92,76,0,1.7468,12.6214,1.8,0
user_1022_0,661,1058,448,227,1,0,0,1,27.31,3.52,1.68,0,0,2.3563,7.363,0.7,0
user_1023_1,942,665,405,1886,1,1,0,1,8.1,2.53,0.87,70,1,1.6379,37.2669,1.8,0
user_1024_1,1467,394,414,891,1,1,0,1,22.65,3.46,0.99,67,1,0.9494,66.7009,1.8,0
user_1025_2,2256,540,1097,1613,1,1,0,1,18.17,2.96,2.38,49,2,0.4918,71.8247,1.8,0
user_1026_3,81,11925,3996,35,1,1,0,1,0.91,0.49,0.08,26,3,2.9835,0.0055,1.0,1
user_1027_7,34,43,2000,2966,1,0,0,0,1.05,0.06,101.3,0,7,0.0215,78.8686,0.5,1
user_1028_0,190,193,168,380,1,1,0,0,16.29,2.9,1.22,64,0,1.142,43.2691,1.6,0
user_1029_0,220,1416,901,184,1,1,0,1,11.25,3.95,0.28,65,0,1.5698,2.4867,1.8,0
user_1030_5,361,12,1421,2,0,0,0,0,0.0,0.0,0.0,0,5,0.0084,0.0,0.2,1
user_1031_3,122,5,1905,3,0,1,0,0,0.0,0.0,0.0,0,3,0.0026,0.0,0.5,1
user_1032_2,286,103,362,879,1,1,0,1,33.01,4.98,1.1,101,2,0.2837,363.1791,1.8,0
user_1033_7,8,17,2817,3427,1,0,0,0,0.57,0.78,103.42,0,7,0.006,405.5283,0.5,1
user_1034_0,1143,25969,801,3244,1,1,1,1,2473.73,111.04,4.15,82,0,32.3803,336.7427,1.8,0
user_1035_5,79,9651,4767,10,1,1,0,1,2.84,0.85,0.3,26,5,2.0241,0.0047,1.0,1
user_1036_0,672,11460,993,6084,1,1,0,1,375.94,43.66,3.45,75,0,11.5292,245.9187,1.8,0
user_1037_0,3314,31405,1233,6449,1,1,1,1,2579.77,786.55,2.03,111,0,25.4498,852.7625,1.8,0
user_1038_4,346,5,972,1,0,0,0,0,0.0,0.0,0.0,0,4,0.0051,0.0,0.2,1
user_1039_3,40,4183,3949,20,1,1,0,1,1.28,0.19,0.07,15,3,1.059,0.0079,1.0,1
user_1040_0,194,882,164,592,1,0,0,1,24.81,2.26,1.9,0,0,5.3455,19.6641,0.7,0
user_1041_0,490,2498,429,1230,1,1,0,1,10.1,0.29,0.75,70,0,5.8093,5.2567,1.8,0
user_1042_0,430,387,227,1992,1,0,0,1,25.05,2.62,0.41,0,0,1.6974,155.5095,0.7,0
user_1043_1,950,1679,170,1021,1,1,0,0,18.39,1.84,1.08,74,1,9.8187,13.4128,1.6,0
user_1044_6,26,59,3840,5400,1,0,0,0,1.15,0.15,48.99,0,6,0.0154,130.5,0.5,1
user_1045_0,833,16099,774,1371,1,1,0,1,987.35,230.14,1.36,125,0,20.7729,123.2733,1.8,0
user_1046_0,235,1216,348,999,1,1,0,1,29.53,3.84,0.53,67,0,3.4842,30.5446,1.8,0
user_1047_6,53,254,1989,3272,0,0,0,0,1.22,0.53,69.92,0,6,0.1276,29.2555,0.2,1
user_1048_6,38,246,3036,1046,0,0,0,1,0.75,0.19,109.46,0,6,0.081,4.7853,0.4,1
user_1049_0,3343,58939,356,5504,1,1,1,1,1361.33,230.6,7.26,100,0,165.0952,170.1935,1.8,0
user_1050_1,348,835,568,469,1,1,0,1,15.84,1.54,2.01,54,1,1.4675,10.6142,1.8,0
user_1051_8,59,211,3399,680,0,0,0,1,0.88,0.32,63.51,0,8,0.0621,4.8755,0.4,1
user_1052_2,825,417,465,711,1,1,0,1,20.0,1.22,1.56,104,2,0.8948,38.1695,1.8,0
user_1053_3,325,2,1971,1,1,0,0,0,0.0,0.0,0.0,0,3,0.001,0.0,0.5,1
user_1054_6,49,181,2896,212,0,1,0,0,0.5,0.32,71.43,27,6,0.0625,1.3279,0.5,1
user_1055_2,1190,431,446,172,1,1,0,0,32.79,5.75,0.13,39,2,0.9642,17.634,1.6,0
user_1056_0,548,899,540,771,1,1,0,0,38.56,1.29,0.26,58,0,1.6617,35.2433,1.6,0
user_1057_0,1114,51008,1251,2645,1,1,1,1,760.76,118.93,5.51,102,0,40.7412,51.782,1.8,0
user_1058_0,530,18489,1080,5828,1,1,0,1,515.31,318.6,1.14,111,0,17.1036,363.2682,1.8,0
user_1059_1,966,576,452,511,1,1,0,0,22.74,2.88,0.13,23,1,1.2715,25.24,0.8,0
user_1060_7,34,85,2828,1884,0,1,0,0,0.83,0.35,45.92,28,7,0.03,33.5177,0.5,1
user_1061_0,1742,1849,585,767,1,1,0,0,19.37,3.13,2.46,32,0,3.1553,10.6261,1.6,0
user_1062_0,2085,680,137,1014,1,1,0,0,30.96,6.64,1.7,18,0,4.9275,65.8728,0.8,0
user_1063_0,265,225,615,367,1,1,0,0,10.4,8.76,1.69,67,0,0.3653,45.3391,1.6,0
user_1064_1,363,718,537,401,1,1,0,1,33.8,3.41,1.14,82,1,1.3346,22.6545,1.8,0
user_1065_5,43,16382,4218,21,0,1,0,0,4.78,0.45,0.13,26,5,3.8829,0.0073,0.5,1
user_1066_7,73,201,3922,3883,0,0,0,0,1.48,0.76,19.14,0,7,0.0512,57.6683,0.2,1
user_1067_5,190,11,1839,1,1,0,0,0,0.0,0.0,0.0,0,5,0.006,0.0,0.5,1
user_1068_5,585,18,1001,1,1,0,0,0,0.0,0.0,0.0,0,5,0.018,0.0,0.5,1
user_1069_7,8,182,2305,356,0,1,0,0,1.09,0.05,48.11,18,7,0.0789,2.315,0.5,1
user_1070_1,906,762,969,730,1,1,0,1,26.52,2.48,1.61,2,1,0.7856,30.1185,1.0,0
user_1071_3,484,8,900,0,0,1,0,0,0.0,0.0,0.0,0,3,0.0089,0.0,0.5,1
user_1072_2,390,287,297,668,1,1,0,1,19.87,3.17,2.21,44,2,0.9631,60.7926,1.8,0
user_1073_0,1640,19138,849,4054,1,1,1,1,514.68,88.56,2.54,121,0,22.5153,146.5362,1.8,0
user_1074_0,167,394,1316,433,1,1,0,1,30.38,7.09,0.32,55,0,0.2992,48.8468,1.8,0
user_1075_6,86,260,4333,2229,1,0,0,0,0.56,0.21,90.96,0,6,0.06,8.3694,0.5,1
user_1076_0,318,938,273,1630,1,1,0,1,8.95,5.14,1.77,77,0,3.4234,33.3812,1.8,0
user_1077_5,94,5590,4314,38,0,1,0,1,2.78,0.01,0.18,28,5,1.2955,0.019,0.7,1
user_1078_4,42,18077,4083,29,1,0,0,1,2.94,0.96,0.2,0,4,4.4263,0.0078,0.7,1
user_1079_6,151,18,1406,1,0,1,0,0,0.0,0.0,0.0,0,6,0.0128,0.0,0.5,1
user_1080_0,818,1357,151,437,1,0,0,1,21.02,4.96,1.17,0,0,8.9276,9.9564,0.7,0
user_1081_6,313,9,410,2,0,0,0,0,0.0,0.0,0.0,0,6,0.0219,0.0,0.2,1
user_1082_1,1032,1270,458,252,1,1,0,1,25.18,3.09,0.65,33,1,2.7669,6.2177,1.8,0
user_1083_0,4637,20260,1233,3766,1,1,1,1,1917.67,286.02,1.92,119,0,16.4182,462.7732,1.8,0
user_1084_0,2149,1399,755,899,1,1,0,1,11.94,5.18,0.84,48,0,1.8505,14.3198,1.8,0
user_1085_0,180,451,66,1180,1,1,0,0,21.4,8.3,1.79,64,0,6.7313,99.2035,1.6,0
user_1086_2,436,320,554,598,1,1,0,0,12.14,6.3,0.18,88,2,0.5766,46.0888,1.6,0
user_1087_0,743,1009,708,1388,1,1,0,1,13.72,4.3,1.86,119,0,1.4231,30.6734,1.8,0
user_1088_0,347,280,361,3689,1,1,1,1,17.23,4.73,0.27,39,0,0.7735,350.3894,1.8,0
user_1089_0,616,832,834,180,1,1,0,1,26.63,3.42,2.26,24,0,0.9964,7.2324,1.0,0
user_1090_6,205,12,1299,2,1,0,0,0,0.0,0.0,0.0,0,6,0.0092,0.0,0.5,1
user_1091_3,189,4,1945,2,0,1,0,0,0.0,0.0,0.0,0,3,0.0021,0.0,0.5,1
user_1092_0,1756,410,77,815,1,1,0,1,26.86,2.08,0.41,63,0,5.2564,61.5117,1.8,0
user_1093_1,268,876,1033,462,1,1,0,0,15.43,7.65,2.13,74,1,0.8472,16.1884,1.6,0
user_1094_0,214,1438,558,390,1,1,0,0,13.29,3.52,0.46,87,0,2.5725,5.5099,1.6,0
user_1095_0,1305,64960,903,5416,1,1,1,1,4404.36,64.65,5.71,89,0,71.8584,377.9853,1.8,0
user_1096_0,2931,19749,1061,4060,1,1,1,1,1025.02,280.48,7.08,101,0,18.596,326.0293,1.8,0
user_1097_3,444,13,509,3,0,0,0,0,0.0,0.0,0.0,0,3,0.0255,0.0,0.2,1
user_1098_1,977,664,1039,564,1,1,0,0,26.38,4.64,1.93,57,1,0.6385,30.244,1.6,0
user_1099_1,749,1501,224,185,1,1,0,0,31.14,5.52,1.59,8,1,6.6711,5.1953,0.8,0
user_1100_0,1282,11298,595,1688,1,1,1,1,1115.26,274.06,6.35,79,0,18.9564,248.4986,1.8,0
user_1101_6,66,287,1563,535,0,1,0,1,0.37,0.74,21.33,28,6,0.1835,3.4366,0.7,1
user_1102_0,652,321,247,106,1,1,0,0,21.17,4.6,0.54,40,0,1.2944,9.9976,1.6,0
user_1103_7,14,174,2397,6689,0,1,0,0,0.07,0.51,114.9,20,7,0.0726,41.6629,0.5,1
user_1104_6,24,71,3638,1158,1,1,0,0,0.36,0.62,43.85,25,6,0.0195,25.7333,0.8,1
user_1105_4,25,17666,5611,12,1,1,0,0,0.93,0.02,0.34,28,4,3.1479,0.0007,0.8,1
user_1106_0,516,233,671,685,1,1,0,1,20.42,2.43,1.49,55,0,0.3467,74.0034,1.8,0
user_1107_7,21,103,2293,976,0,0,0,0,1.2,0.19,71.7,0,7,0.0449,14.8277,0.2,1
user_1108_4,70,8880,4398,19,1,1,0,1,3.01,0.73,0.26,11,4,2.0186,0.0096,1.0,1
user_1109_5,187,13,481,3,0,0,0,0,0.0,0.0,0.0,0,5,0.027,0.0,0.2,1
user_1110_7,34,202,4284,5339,0,0,0,0,1.49,0.74,71.7,0,7,0.0471,78.1125,0.2,1
user_1111_0,1672,14667,641,3801,1,1,1,1,1680.27,49.21,3.12,94,0,22.8458,460.9218,1.8,0
user_1112_0,2331,214,278,154,1,1,0,1,14.92,4.43,2.33,67,0,0.767,17.0331,1.8,0
user_1113_7,78,243,4265,826,0,0,0,0,1.04,0.28,117.44,0,7,0.057,5.4164,0.2,1
user_1114_4,16,259,4729,1435,1,1,0,0,0.75,0.32,30.37,14,4,0.0548,7.6717,0.8,1
user_1115_0,236,589,763,714,1,1,0,1,22.32,0.94,1.66,59,0,0.7709,29.2861,1.8,0
user_1116_6,128,13,1968,2,1,1,0,0,0.0,0.0,0.0,0,6,0.0066,0.0,0.8,1
user_1117_0,205,1599,546,376,1,1,0,1,9.65,3.08,2.23,30,0,2.9232,3.7154,1.0,0
user_1118_0,2609,76140,732,2331,1,1,0,1,1913.99,76.87,4.75,58,0,103.8745,63.302,1.8,0
user_1119_2,129,289,528,240,1,1,0,0,17.68,6.44,2.24,59,2,0.5463,25.291,1.6,0
user_1120_7,31,209,3031,687,1,0,0,1,0.69,0.51,84.23,0,7,0.0689,5.5941,0.7,1
user_1121_2,79,4034,3904,38,1,1,0,0,0.88,0.72,0.08,12,2,1.033,0.0218,0.8,1
user_1122_5,468,7,663,2,0,0,0,0,0.0,0.0,0.0,0,5,0.0105,0.0,0.2,1
user_1123_1,273,662,1154,1131,1,1,0,1,6.63,6.5,0.59,72,1,0.5732,33.4865,1.8,0
user_1124_5,70,3642,4037,48,1,0,0,1,3.21,0.58,0.39,0,5,0.9019,0.0576,0.7,1
user_1125_3,28,9193,3977,24,1,1,0,0,1.05,0.2,0.45,29,3,2.311,0.0038,0.8,1
user_1126_5,78,255,4716,681,1,0,0,1,1.09,0.62,83.9,0,5,0.0541,6.1982,0.7,1
user_1127_0,5513,148539,210,3874,1,1,0,1,1045.91,499.25,6.13,96,0,703.9763,53.3193,1.8,0
user_1128_0,1570,45500,969,1200,1,1,1,1,1413.68,397.95,2.12,104,0,46.9072,58.2734,1.8,0
user_1129_0,1157,624,463,336,1,1,0,0,27.57,2.28,1.43,28,0,1.3448,17.2731,0.8,0
user_1130_0,1794,336,128,1757,0,1,0,1,19.45,1.83,1.25,50,0,2.6047,120.4874,1.5,0
user_1131_3,73,16875,4592,35,1,0,0,1,2.74,0.08,0.08,0,3,3.6741,0.006,0.7,1
user_1132_7,65,238,3310,1260,0,0,0,0,0.13,0.18,77.81,0,7,0.0719,2.5833,0.2,1
user_1133_5,566,12,900,3,0,1,0,0,0.0,0.0,0.0,0,5,0.0133,0.0,0.5,1
user_1134_0,2697,34211,1365,6563,1,1,0,1,688.68,46.64,1.17,99,0,25.0447,150.0059,1.8,0
user_1135_0,925,151239,1031,2475,1,1,1,1,447.1,445.69,4.21,78,0,146.5494,21.9038,1.8,0
user_1136_0,671,14201,791,7233,1,1,1,1,1940.43,83.26,5.27,117,0,17.9306,1073.058,1.8,0
user_1137_4,115,4071,4213,7,1,0,0,0,4.58,0.25,0.17,0,4,0.9661,0.0087,0.5,1
user_1138_0,2299,13380,642,3143,1,1,1,1,379.93,230.05,3.88,124,0,20.8087,197.3107,1.8,0
user_1139_0,992,515,864,737,1,1,1,0,9.12,4.63,1.46,76,0,0.5954,26.2521,1.6,0
user_1140_0,216,617,306,349,1,1,0,1,19.41,2.77,1.4,62,0,2.0098,14.0899,1.8,0
user_1141_0,2450,333,385,2356,1,0,0,1,12.82,3.38,1.99,0,0,0.8627,138.1152,0.7,0
user_1142_0,263,1331,297,517,1,1,0,0,22.09,5.27,1.39,63,0,4.4664,12.6649,1.6,0
user_1143_0,975,461,1129,746,1,1,0,1,6.49,5.03,1.38,60,0,0.408,26.7236,1.8,0
user_1144_5,98,8713,4332,13,1,1,0,0,2.48,0.62,0.09,36,5,2.0108,0.0055,1.6,1
user_1145_0,4598,37043,678,1780,1,1,1,1,412.42,43.17,4.92,118,0,54.5552,23.9659,1.8,0
user_1146_0,2024,120481,858,2630,1,1,1,1,2251.53,234.56,5.97,103,0,140.2573,59.389,1.8,0
user_1147_5,44,113,3229,3623,0,0,0,1,1.24,0.08,40.19,0,5,0.035,44.493,0.4,1
user_1148_1,598,120,1175,1821,1,1,0,0,8.57,5.88,1.75,54,1,0.102,305.9581,1.6,0
user_1149_0,943,903,102,753,1,1,0,1,23.79,4.83,1.7,75,0,8.767,27.8627,1.8,0
user_1150_4,26,11887,4379,25,1,1,0,0,4.9,0.11,0.24,11,4,2.7139,0.0108,0.8,1
user_1151_6,240,17,655,2,0,0,0,0,0.0,0.0,0.0,0,6,0.0259,0.0,0.2,1
user_1152_1,2753,304,1089,894,1,0,0,0,32.71,0.29,0.82,0,1,0.2789,97.5779,0.5,0
user_1153_0,1985,1061,1005,2017,1,1,0,0,18.56,5.82,0.25,73,0,1.0547,57.3573,1.6,0
user_1154_0,2043,1332,838,3260,1,1,0,1,34.84,1.27,1.62,105,0,1.5876,91.417,1.8,0
user_1155_0,632,34266,1022,2889,1,1,1,1,1046.91,291.35,1.5,95,0,33.4956,137.39,1.8,0
user_1156_0,556,17542,403,2823,1,1,1,1,595.34,97.98,4.62,68,0,43.4208,127.3351,1.8,0
user_1157_0,126,504,301,747,1,1,0,0,26.61,3.54,1.28,55,0,1.6689,49.8345,1.6,0
user_1158_0,1135,129087,604,4636,1,1,1,1,3922.93,470.37,1.01,140,0,213.3669,174.6713,1.8,0
user_1159_4,20,7468,4572,35,0,0,0,0,2.16,0.12,0.24,0,4,1.6331,0.0112,0.2,1
user_1160_0,186,397,608,941,1,0,0,1,25.63,4.07,1.84,0,0,0.6519,79.8431,0.7,0
user_1161_5,133,10,370,0,0,0,0,0,0.0,0.0,0.0,0,5,0.027,0.0,0.2,1
user_1162_0,1533,12236,847,1815,1,1,1,1,1467.67,507.06,5.85,146,0,14.4292,368.1007,1.8,0
user_1163_0,412,357,1296,565,1,1,0,1,28.43,0.18,1.79,40,0,0.2753,45.4367,1.8,0
user_1164_0,684,120407,1244,1881,1,1,1,1,1415.7,144.11,1.5,101,0,96.7124,26.6184,1.8,0
user_1165_0,947,66523,311,5831,1,1,1,1,926.17,331.41,1.98,100,0,213.2147,139.2791,1.8,0
user_1166_0,4489,34242,795,1745,1,1,1,1,936.15,125.36,7.3,102,0,43.0176,60.4821,1.8,0
user_1167_0,2617,1008,421,632,1,1,0,1,21.58,6.65,2.1,71,0,2.3886,21.8475,1.8,0
user_1168_0,360,228,274,1316,1,1,0,1,3.4,5.7,1.59,113,0,0.8291,85.0515,1.8,0
user_1169_2,152,2829,644,958,1,1,0,1,22.97,2.76,2.37,61,2,4.386,9.6443,1.8,0
user_1170_0,2890,54425,448,1432,1,1,1,1,786.37,218.99,4.45,93,0,121.2138,32.2138,1.8,0
user_1171_5,105,62245,5096,39,1,1,0,0,0.99,0.85,0.25,35,5,12.2121,0.0017,1.6,1
user_1172_2,1839,493,618,2293,1,1,0,0,16.07,2.25,0.61,86,2,0.7964,95.4798,1.6,0
user_1173_0,5023,1178,766,1135,1,1,0,1,22.13,4.67,1.57,76,0,1.5359,30.2955,1.8,0
user_1174_0,596,36173,597,2937,1,1,0,1,2181.78,777.63,1.51,110,0,60.49,303.4137,1.8,0
user_1175_0,183,953,841,1297,1,1,0,0,24.64,3.11,0.87,26,0,1.1318,41.9554,0.8,0
user_1176_6,401,7,1330,1,1,0,0,0,0.0,0.0,0.0,0,6,0.0053,0.0,0.5,1
user_1177_0,1557,59012,760,3523,1,1,1,1,2274.78,447.36,4.87,100,0,77.5453,189.2151,1.8,0
user_1178_0,685,84659,792,1195,1,1,0,1,1391.67,53.97,6.24,97,0,106.7579,21.1674,1.8,0
user_1179_2,1102,640,932,331,1,1,0,0,20.1,3.89,1.14,59,2,0.686,14.3967,1.6,0
user_1180_0,1049,1045,1426,209,1,1,0,1,9.56,5.62,0.35,80,0,0.7323,4.156,1.8,0
user_1181_0,2633,1363,163,64,1,0,0,1,20.61,4.1,0.61,0,0,8.311,1.3518,0.7,0
user_1182_0,3045,22150,1091,6732,1,1,0,1,1465.42,375.42,3.21,86,0,20.2839,673.5525,1.8,0
user_1183_6,21,268,2505,1017,0,0,0,0,0.4,0.67,16.54,0,6,0.1069,6.5784,0.2,1
user_1184_1,135,1734,460,41,1,0,0,1,34.14,3.93,0.85,0,1,3.7614,0.9925,0.7,0
user_1185_6,49,293,1939,134,1,1,0,0,0.4,0.01,45.8,24,6,0.151,0.1914,0.8,1
user_1186_1,491,710,559,780,1,1,0,0,19.95,2.01,1.26,45,1,1.2679,26.2962,1.6,0
user_1187_0,571,168254,806,3561,1,1,0,1,746.24,103.85,2.37,116,0,208.4932,20.1895,1.8,0
user_1188_7,54,52,4338,2120,0,1,0,0,0.52,0.73,45.5,16,7,0.012,79.2,0.5,1
user_1189_7,10,52,1527,2093,0,0,0,1,0.79,0.19,67.56,0,7,0.034,46.204,0.4,1
user_1190_0,376,289,1955,108,1,1,0,0,21.58,4.24,0.68,25,0,0.1478,11.1948,0.8,0
user_1191_4,22,17606,4731,49,0,1,0,1,4.75,0.96,0.28,39,4,3.7206,0.0186,1.5,1
user_1192_1,638,297,935,813,1,0,0,0,8.37,1.0,0.87,0,1,0.3173,28.2913,0.5,0
user_1193_4,13,134,1602,1411,1,0,0,0,0.6,0.74,119.29,0,4,0.0836,21.7399,0.5,1
user_1194_6,36,123,4139,5112,1,0,0,0,1.18,0.2,74.23,0,6,0.0297,65.1368,0.5,1
user_1195_3,40,6190,4802,46,0,1,0,0,0.68,0.04,0.13,36,3,1.2888,0.0056,1.3,1
user_1196_3,390,8,1202,2,0,0,0,0,0.0,0.0,0.0,0,3,0.0067,0.0,0.2,1
user_1197_1,1916,1531,398,920,1,1,0,0,7.4,0.0,2.05,69,1,3.8371,4.4439,1.6,0
user_1198_2,1066,997,1158,125,1,1,0,0,20.56,4.88,0.23,1,2,0.8602,3.7976,0.8,0
user_1199_2,410,280,302,1533,1,1,0,1,24.56,2.57,0.99,76,2,0.9241,162.0288,1.8,0
user_1200_6,88,228,2876,1886,1,0,0,0,1.06,0.13,96.97,0,6,0.0792,10.8713,0.5,1
user_1201_3,121,5,1242,3,0,1,0,0,0.0,0.0,0.0,0,3,0.004,0.0,0.5,1
user_1202_1,696,707,1086,1344,1,1,0,0,13.71,4.58,0.93,75,1,0.6504,43.4142,1.6,0
user_1203_4,114,13285,4889,22,0,1,0,1,2.23,0.03,0.43,10,4,2.7168,0.0038,0.7,1
user_1204_6,318,4,1439,2,0,0,0,0,0.0,0.0,0.0,0,6,0.0028,0.0,0.2,1
user_1205_0,682,1009,721,78,1,1,0,0,26.78,4.25,2.01,85,0,1.3975,2.7246,1.6,0
user_1206_3,75,29831,4315,29,1,0,0,0,3.3,0.33,0.38,0,3,6.9117,0.0038,0.5,1
user_1207_0,1345,700,1622,401,1,1,0,1,8.52,4.54,1.1,54,0,0.4313,10.0679,1.8,0
user_1208_0,572,759,552,366,1,1,0,1,3.23,1.64,1.05,44,0,1.3725,3.1351,1.8,0
user_1209_1,391,382,574,912,1,1,0,1,29.99,6.0,0.74,85,1,0.6643,99.9866,1.8,0
user_1210_3,47,7743,3925,31,1,1,0,0,1.2,0.94,0.38,36,3,1.9722,0.0123,1.6,1
user_1211_5,88,20096,4385,31,1,1,0,1,2.3,0.84,0.13,30,5,4.5819,0.0061,1.0,1
user_1212_0,126,613,632,513,1,1,0,0,32.0,6.26,1.63,85,0,0.9684,37.1967,1.6,0
user_1213_0,1799,294,315,330,1,1,0,1,21.26,4.41,2.08,66,0,0.9304,33.6488,1.8,0
user_1214_3,93,23086,4871,28,0,0,0,1,3.13,0.54,0.17,0,3,4.7385,0.0051,0.4,1
user_1215_7,61,238,3090,2089,0,1,0,0,0.66,0.52,113.31,6,7,0.077,14.859,0.5,1
user_1216_0,589,373,541,825,1,1,0,0,14.99,5.08,2.05,73,0,0.6882,55.4779,1.6,0
user_1217_2,393,267,283,204,1,1,0,1,7.42,1.21,1.31,30,2,0.9401,7.4901,1.0,0
user_1218_7,13,123,3436,1498,0,1,0,0,1.26,0.69,93.58,15,7,0.0358,31.8929,0.5,1
user_1219_0,1015,922,261,1328,1,0,0,0,25.35,2.94,0.95,0,0,3.5191,44.9333,0.5,0
user_1220_0,705,847,173,435,1,1,0,1,32.97,4.28,1.79,65,0,4.8678,21.3037,1.8,0
user_1221_7,58,164,1903,1960,0,0,0,0,1.04,0.17,56.15,0,7,0.0861,16.3927,0.2,1
user_1222_0,687,221,522,364,1,1,0,1,27.96,3.76,2.07,63,0,0.4226,58.1744,1.8,0
user_1223_4,43,63,4492,4383,0,0,0,0,1.21,0.72,36.36,0,4,0.014,181.4836,0.2,1
user_1224_6,38,167,4888,237,1,0,0,0,1.21,0.35,119.7,0,6,0.0342,2.6945,0.5,1
user_1225_0,318,1379,335,595,1,1,0,0,23.21,1.22,1.26,71,0,4.1042,11.0592,1.6,0
user_1226_5,54,236,4131,3349,1,0,0,0,0.93,0.59,32.84,0,5,0.0571,29.816,0.5,1
user_1227_5,68,273,4155,1918,1,1,0,0,0.95,0.13,64.76,22,5,0.0657,8.47,0.8,1
user_1228_0,421,1618,409,192,1,0,0,0,22.09,5.56,2.01,0,0,3.9463,3.9384,0.5,0
user_1229_4,42,44970,3788,17,0,1,0,0,3.18,0.26,0.35,34,4,11.8686,0.0014,1.3,1
user_1230_6,20,35,3946,1018,0,0,0,0,0.05,0.7,40.56,0,6,0.0089,41.0028,0.2,1
user_1231_0,999,1288,847,546,1,1,0,0,27.29,1.88,2.04,39,0,1.5189,13.1523,1.6,0
user_1232_0,1345,529,1086,212,1,1,0,0,21.09,5.68,1.45,89,0,0.4867,12.98,1.6,0
user_1233_3,119,24203,4665,24,1,0,0,0,3.19,0.93,0.47,0,3,5.1871,0.005,0.5,1
user_1234_0,785,281662,987,4889,1,1,0,1,927.84,320.82,5.74,121,0,285.083,27.2424,1.8,0
user_1235_0,675,563,1042,1647,1,1,0,1,33.9,2.44,2.11,78,0,0.5398,113.2459,1.8,0
user_1236_6,73,288,3375,1440,0,0,0,0,0.42,0.74,76.24,0,6,0.0853,9.4671,0.2,1
user_1237_2,162,1464,287,612,1,1,0,1,16.67,3.92,1.87,87,2,5.0833,10.239,1.8,0
user_1238_0,1941,391,527,950,1,0,1,1,16.35,2.01,0.27,0,0,0.7405,49.3661,0.7,0
user_1239_0,626,438,437,655,1,1,0,0,21.84,2.74,0.95,50,0,1.0,40.7622,1.6,0
user_1240_0,309,478,679,105,1,1,0,1,16.8,4.2,0.76,39,0,0.7029,5.524,1.8,0
user_1241_1,612,1152,355,2048,1,1,0,0,15.43,5.95,2.47,68,1,3.236,48.5445,1.6,0
user_1242_0,293,1790,511,490,1,1,0,1,26.29,3.01,2.38,57,0,3.4961,8.8397,1.8,0
user_1243_2,75,13089,3883,29,1,1,0,0,3.07,0.19,0.18,16,2,3.37,0.0076,0.8,1
user_1244_7,29,278,4894,1793,0,0,0,1,0.55,0.07,73.46,0,7,0.0568,4.4343,0.4,1
user_1245_7,19,205,2271,592,1,0,0,0,0.0,0.7,98.22,0,7,0.0902,4.0233,0.5,1
user_1246_6,17,142,2729,296,0,1,0,0,0.44,0.17,40.01,27,6,0.052,1.6145,0.5,1
user_1247_0,2215,18390,998,725,1,1,1,1,1960.74,166.82,6.79,100,0,18.4084,90.4478,1.8,0
user_1248_0,144,402,221,697,1,0,0,1,25.09,2.93,0.16,0,0,1.8108,53.5289,0.7,0
user_1249_2,160,773,642,323,1,1,0,1,20.6,2.61,0.67,82,2,1.2022,10.775,1.8,0
user_1250_0,174,1930,578,1604,1,0,1,1,17.07,3.93,1.57,0,0,3.3333,20.7083,0.7,0
user_1251_2,1627,316,1008,1249,1,1,0,1,29.78,1.86,2.1,33,2,0.3132,131.9921,1.8,0
user_1252_1,492,265,664,146,1,1,0,1,18.08,1.6,1.07,108,1,0.3985,11.68,1.8,0
user_1253_7,82,101,3918,733,0,0,0,0,0.64,0.66,27.59,0,7,0.0258,14.0851,0.2,1
user_1254_0,907,43944,1034,1296,1,1,0,1,348.75,237.8,7.32,135,0,42.458,24.3112,1.8,0
user_1255_2,112,28803,4076,30,1,1,0,0,1.97,0.01,0.42,34,2,7.0648,0.0021,1.6,1
user_1256_5,63,4895,4574,38,0,1,0,1,0.96,0.17,0.31,18,5,1.0699,0.0101,0.7,1
user_1257_7,88,85,4894,1228,0,0,0,0,1.04,0.37,38.78,0,7,0.0174,25.4167,0.2,1
user_1258_0,809,377,725,936,1,1,0,0,17.45,1.8,1.26,53,0,0.5193,52.1238,1.6,0
user_1259_6,75,121,3106,822,1,0,0,1,1.03,0.43,18.43,0,6,0.0389,12.7343,0.7,1
user_1260_0,710,63415,965,3264,1,1,0,1,848.86,70.93,5.29,118,0,65.647,50.992,1.8,0
user_1261_6,430,1,773,3,0,0,0,0,0.0,0.0,0.0,0,6,0.0013,0.0,0.2,1
user_1262_5,57,118,2393,323,0,0,0,0,0.99,0.06,56.5,0,5,0.0493,3.0129,0.2,1
user_1263_1,1524,592,361,170,1,1,0,1,20.57,6.24,1.07,100,1,1.6354,9.4747,1.8,0
user_1264_0,1857,37970,1032,4175,1,1,1,1,1132.61,505.54,4.02,124,0,36.757,235.7037,1.8,0
user_1265_1,1607,542,101,763,1,1,0,1,17.24,4.34,1.85,97,1,5.3137,36.4217,1.8,0
user_1266_6,300,15,605,2,0,0,0,0,0.0,0.0,0.0,0,6,0.0248,0.0,0.2,1
user_1267_2,87,4924,3910,47,0,1,0,0,1.88,0.55,0.24,14,2,1.259,0.0284,0.5,1
user_1268_0,2199,124121,741,2113,1,1,0,1,1500.65,270.61,2.14,102,0,167.279,34.7599,1.8,0
user_1269_6,83,131,1677,180,1,0,0,0,0.87,0.01,97.67,0,6,0.0781,1.2136,0.5,1
user_1270_0,830,432,556,942,1,1,0,1,17.21,2.29,2.1,50,0,0.7756,47.4046,1.8,0
user_1271_6,84,37,3075,923,1,0,0,0,1.13,0.04,66.72,0,6,0.012,29.3903,0.5,1
user_1272_0,521,982,644,242,1,1,0,0,31.58,1.77,0.24,62,0,1.5225,8.646,1.6,0
user_1273_0,940,464,243,368,1,1,0,1,9.17,2.84,1.87,100,0,1.9016,11.7523,1.8,0
user_1274_2,4043,254,812,1444,1,1,0,1,3.31,1.93,1.45,55,2,0.3124,40.6019,1.8,0
user_1275_4,101,15185,4718,40,0,1,0,0,4.5,0.99,0.18,16,4,3.2178,0.0171,0.5,1
user_1276_1,1725,451,972,1925,1,1,0,0,25.34,1.4,1.6,83,1,0.4635,119.844,1.6,0
user_1277_0,169,771,246,338,1,1,0,0,28.0,3.13,0.17,56,0,3.1215,14.9998,1.6,0
user_1278_0,1453,19597,1102,1597,1,1,0,1,2852.93,255.03,4.95,94,0,17.767,274.043,1.8,0
user_1279_0,854,633,476,1170,1,1,0,1,23.11,5.62,1.73,62,0,1.327,63.3904,1.8,0
user_1280_0,316,755,1172,2043,1,1,0,0,11.92,4.07,1.06,87,0,0.6436,54.2098,1.6,0
user_1281_0,1116,1023,1143,758,1,0,0,0,5.51,6.51,0.68,0,0,0.8942,13.7165,0.5,0
user_1282_1,201,1537,1215,876,1,1,0,0,20.71,1.62,0.41,108,1,1.264,13.6412,1.6,0
user_1283_5,79,154,4055,2030,0,0,0,0,0.66,0.49,104.25,0,5,0.038,21.4787,0.2,1
user_1284_0,2767,1012,2325,406,1,1,0,1,23.26,0.96,2.07,64,0,0.4351,10.0919,1.8,0
user_1285_1,414,405,1443,1029,1,1,0,1,23.65,3.01,0.15,55,1,0.2805,75.1981,1.8,0
user_1286_8,33,205,2885,2923,0,0,0,1,0.38,0.1,76.38,0,8,0.071,8.2298,0.4,1
user_1287_0,171,565,195,698,1,1,0,0,16.29,5.42,1.03,47,0,2.8827,33.4571,1.6,0
user_1288_0,1464,2035,711,756,1,1,0,0,15.76,1.57,0.49,43,0,2.8581,7.0179,1.6,0
user_1289_3,77,33825,4838,30,1,1,0,1,0.86,0.57,0.46,21,3,6.9901,0.0018,1.0,1
user_1290_0,251,2055,172,983,1,1,0,1,29.91,2.09,2.36,87,0,11.8786,16.2989,1.8,0
user_1291_7,87,61,4027,182,0,0,0,0,1.4,0.54,65.53,0,7,0.0151,7.28,0.2,1
user_1292_3,111,19,263,2,1,0,0,0,0.0,0.0,0.0,0,3,0.072,0.0,0.5,1
user_1293_0,1739,33978,839,2315,1,1,0,1,492.52,186.11,1.34,118,0,40.45,58.915,1.8,0
user_1294_4,52,27125,4709,29,1,1,0,1,3.19,0.41,0.48,26,4,5.759,0.0043,1.0,1
user_1295_0,906,223,662,762,1,0,0,0,30.71,2.47,1.03,0,0,0.3363,121.2737,0.5,0
user_1296_0,693,419,1091,510,1,0,0,1,19.25,5.55,2.4,0,0,0.3837,36.8536,0.7,0
user_1297_0,156,716,180,478,1,1,0,0,16.25,4.14,0.44,68,0,3.9558,16.3533,1.6,0
user_1298_4,23,3062,5076,23,1,1,0,0,2.01,0.18,0.09,38,4,0.6031,0.0178,1.6,1
user_1299_5,31,124,2329,303,0,1,0,0,0.82,0.38,111.86,6,5,0.0532,3.8299,0.5,1
user_1300_0,1340,891,416,137,1,1,0,1,27.61,4.07,2.03,45,0,2.1367,5.4908,1.8,0
user_1301_0,1118,46658,927,1880,1,1,0,1,3777.56,569.24,7.35,142,0,50.278,198.0787,1.8,0
user_1302_3,204,7,1371,2,0,0,0,0,0.0,0.0,0.0,0,3,0.0051,0.0,0.2,1
user_1303_4,75,5641,5784,30,0,1,0,0,2.1,0.78,0.3,17,4,0.9751,0.0195,0.5,1
user_1304_3,98,22921,3820,32,1,0,0,0,2.39,0.6,0.28,0,3,5.9987,0.005,0.5,1
user_1305_0,668,1207,264,324,1,1,0,1,17.51,3.96,2.24,91,0,4.5547,6.8206,1.8,0
user_1306_6,41,227,4695,1797,0,0,0,0,0.37,0.25,73.29,0,6,0.0483,6.857,0.2,1
user_1307_0,1646,14254,353,3323,1,1,1,1,2204.72,43.49,5.55,131,0,40.2655,534.2209,1.8,0
user_1308_5,110,3,1783,2,0,0,0,0,0.0,0.0,0.0,0,5,0.0017,0.0,0.2,1
user_1309_2,112,89886,4802,37,1,1,0,0,1.54,0.9,0.17,16,2,18.7146,0.0014,0.8,1
user_1310_8,47,205,2336,2937,1,0,0,0,0.31,0.78,82.79,0,8,0.0877,26.6611,0.5,1
user_1311_0,1338,1048,1069,904,1,1,0,0,11.43,7.3,1.89,41,0,0.9794,22.432,1.6,0
user_1312_0,876,21071,832,3292,1,1,1,1,2927.58,507.9,2.28,107,0,25.2953,616.0596,1.8,0
user_1313_0,171,865,435,478,1,1,0,1,13.48,4.35,1.76,68,0,1.9839,12.2425,1.8,0
user_1314_0,1745,45725,909,2620,1,1,1,1,377.23,801.16,3.3,95,0,50.2473,113.4239,1.8,0
user_1315_2,93,28065,4428,43,0,1,0,1,3.55,0.25,0.44,15,2,6.3366,0.0062,0.7,1
user_1316_6,45,256,2841,468,1,0,0,0,1.08,0.41,78.45,0,6,0.0901,3.4599,0.5,1
user_1317_7,75,215,1868,3750,1,1,0,0,1.32,0.58,26.82,15,7,0.115,43.0556,0.8,1
user_1318_0,2723,800,172,1185,1,1,0,0,18.19,2.97,2.44,29,0,4.6243,35.6979,0.8,0
user_1319_0,1197,115977,405,12742,1,1,1,1,545.18,59.05,5.64,156,0,285.6576,72.8717,1.8,0
user_1320_4,58,11227,4188,41,1,1,0,0,1.65,0.75,0.28,19,4,2.6801,0.0115,0.8,1
user_1321_4,317,18,755,0,0,0,0,0,0.0,0.0,0.0,0,4,0.0238,0.0,0.2,1
user_1322_1,120,938,749,1102,1,1,0,1,18.27,1.42,0.94,100,1,1.2507,24.7745,1.8,0
user_1323_1,148,1402,385,741,1,0,0,1,34.34,3.48,2.47,0,1,3.6321,21.8128,0.7,0
user_1324_0,738,777,249,1611,1,1,0,1,11.74,1.98,0.26,70,0,3.108,32.5099,1.8,0
user_1325_0,1067,114335,402,3140,1,1,0,1,3879.46,55.53,3.08,128,0,283.7097,109.5913,1.8,0
user_1326_2,429,869,355,784,1,1,0,0,28.43,6.64,2.34,66,2,2.441,37.5869,1.6,0
user_1327_6,80,67,2494,782,0,0,0,0,0.24,0.55,32.59,0,6,0.0269,15.41,0.2,1
user_1328_0,2410,77251,501,3913,1,1,0,1,768.55,173.4,1.28,107,0,153.8865,56.4952,1.8,0
user_1329_0,277,840,400,835,1,1,0,0,27.46,4.46,0.27,33,0,2.0948,36.1205,1.6,0
user_1330_1,248,262,387,1502,1,1,0,1,10.12,6.31,2.08,61,1,0.6753,129.8687,1.8,0
user_1331_0,213,195,1228,262,1,0,0,0,12.21,3.11,0.45,0,0,0.1587,24.636,0.5,0
user_1332_1,2053,630,461,865,1,1,0,0,31.23,3.01,0.99,79,1,1.3636,51.0638,1.6,0
user_1333_0,2550,959,1382,570,1,1,0,0,4.64,3.37,1.27,78,0,0.6934,6.7569,1.6,0
user_1334_4,384,15,1642,2,0,0,0,0,0.0,0.0,0.0,0,4,0.0091,0.0,0.2,1
user_1335_1,1383,708,795,529,1,1,0,1,26.75,6.15,0.55,29,1,0.8894,29.136,1.0,0
user_1336_0,773,27259,765,6913,1,1,1,1,1706.85,827.42,3.99,128,0,35.5862,852.5078,1.8,0
user_1337_0,1974,24529,782,1807,1,1,0,1,248.07,986.17,2.7,107,0,31.3269,163.5663,1.8,0
user_1338_5,103,14999,4736,32,1,1,0,1,3.08,0.34,0.34,12,5,3.1664,0.008,1.0,1
user_1339_0,437,364,135,1805,1,1,0,1,15.37,4.22,1.13,77,0,2.6765,117.7453,1.8,0
user_1340_5,35,6569,4082,6,1,1,0,1,3.5,0.44,0.48,31,5,1.6089,0.004,1.8,1
user_1341_0,859,12713,617,3804,1,1,1,1,1197.28,269.44,2.16,139,0,20.5712,519.4551,1.8,0
user_1342_5,463,18,1548,1,1,0,0,0,0.0,0.0,0.0,0,5,0.0116,0.0,0.5,1
user_1343_4,78,13093,3751,28,1,1,0,0,4.12,0.19,0.09,23,4,3.4896,0.0096,0.8,1
user_1344_0,888,50841,965,2861,1,1,1,1,676.79,374.03,1.26,68,0,52.6304,80.1797,1.8,0
user_1345_3,106,11,1507,3,0,0,0,0,0.0,0.0,0.0,0,3,0.0073,0.0,0.2,1
user_1346_0,1642,23499,703,739,1,1,0,1,2380.29,108.55,2.36,97,0,33.3793,81.6796,1.8,0
user_1347_0,2257,13197,504,3504,1,1,0,1,2356.11,71.38,1.32,133,0,26.1327,663.4369,1.8,0
user_1348_0,558,542,1939,188,1,1,0,0,30.79,5.1,0.78,46,0,0.2794,14.1917,1.6,0
user_1349_6,28,102,4736,215,0,1,0,0,0.82,0.2,51.04,26,6,0.0215,2.5466,0.5,1
user_1350_0,625,10807,1444,2999,1,1,0,1,1579.06,714.15,5.03,117,0,7.4789,834.4812,1.8,0
user_1351_1,817,434,1321,824,1,1,0,1,24.47,1.12,0.54,91,1,0.3283,50.5955,1.8,0
user_1352_0,807,57936,772,2784,1,1,0,1,5212.32,98.65,1.91,122,0,74.9495,259.9441,1.8,0
user_1353_0,1500,11061,590,3071,1,1,1,1,308.84,233.24,7.39,99,0,18.7157,215.2421,1.8,0
user_1354_0,1535,264,1316,1549,1,1,0,1,9.74,3.18,0.78,49,0,0.2005,94.1091,1.8,0
user_1355_3,421,14,1955,3,1,0,0,0,0.0,0.0,0.0,0,3,0.0072,0.0,0.5,1
user_1356_4,20,284,2265,889,1,0,0,0,0.67,0.59,38.97,0,4,0.1253,5.7707,0.5,1
user_1357_0,634,451,235,1313,1,1,0,1,19.66,3.77,0.12,0,0,1.911,79.0124,1.0,0
user_1358_3,19,9888,4472,27,1,1,0,1,4.09,0.86,0.26,24,3,2.2106,0.0159,1.0,1
user_1359_3,448,1,1739,2,0,1,0,0,0.0,0.0,0.0,0,3,0.0006,0.0,0.5,1
user_1360_0,3022,21407,901,3547,1,1,1,1,1062.44,125.93,4.29,135,0,23.7328,217.7607,1.8,0
user_1361_6,30,65,1951,807,1,0,0,0,0.25,0.27,113.69,0,6,0.0333,9.6595,0.5,1
user_1362_6,342,3,1793,1,1,0,0,0,0.0,0.0,0.0,0,6,0.0017,0.0,0.5,1
user_1363_0,201,295,1025,637,1,0,0,0,9.14,4.29,1.14,0,0,0.2875,38.1339,0.5,0
user_1364_0,1091,119206,879,2697,1,1,1,1,4126.05,217.81,4.17,124,0,135.4614,103.2055,1.8,0
user_1365_2,2672,750,225,745,1,1,0,0,12.99,2.34,0.83,58,2,3.3186,17.5288,1.6,0
user_1366_6,267,11,1828,0,0,0,0,0,0.0,0.0,0.0,0,6,0.006,0.0,0.2,1
user_1367_1,260,654,788,2178,1,1,0,1,14.15,1.15,2.45,56,1,0.8289,54.6994,1.8,0
user_1368_0,1609,22890,1360,3912,1,1,1,1,1334.07,155.9,6.41,102,0,16.8185,281.274,1.8,0
user_1369_1,572,257,1340,647,1,1,0,1,19.31,7.89,1.17,66,1,0.1916,87.997,1.8,0
user_1370_0,793,873,1475,1062,1,1,0,0,12.0,1.01,2.25,63,0,0.5915,17.0357,1.6,0
user_1371_0,1896,25974,948,2956,1,1,0,1,1010.42,136.69,2.35,99,0,27.3699,146.0987,1.8,0
user_1372_0,3068,216,906,261,1,1,0,1,11.41,4.87,2.12,27,0,0.2381,25.4385,1.0,0
user_1373_4,136,3,760,2,1,0,0,0,0.0,0.0,0.0,0,4,0.0039,0.0,0.5,1
user_1374_1,338,544,1489,380,1,1,0,1,8.9,1.71,1.31,77,1,0.3651,8.5901,1.8,0
user_1375_2,1049,824,602,527,1,1,0,0,13.24,5.3,1.17,88,2,1.3665,15.2287,1.6,0
user_1376_0,988,1282,721,1857,1,1,0,1,20.59,8.06,0.22,63,0,1.7756,53.1336,1.8,0
user_1377_0,681,170,449,142,1,1,0,1,22.73,4.86,0.37,90,0,0.3778,26.9468,1.8,0
user_1378_4,63,14284,4722,6,1,0,0,0,1.82,0.55,0.11,0,4,3.0243,0.0012,0.5,1
user_1379_7,18,40,2009,4293,1,0,0,0,0.97,0.69,101.96,0,7,0.0199,246.0622,0.5,1
user_1380_0,215,468,337,1450,1,1,0,1,20.96,1.7,2.33,40,0,1.3846,75.3134,1.8,0
user_1381_4,91,30152,5165,10,1,1,0,1,2.48,0.04,0.21,34,4,5.8366,0.0008,1.8,1
user_1382_0,568,37834,1196,4646,1,1,0,1,1094.13,57.08,7.81,108,0,31.6074,148.3736,1.8,0
user_1383_0,639,1496,226,321,1,0,0,1,8.94,3.25,1.2,0,0,6.5903,3.3108,0.7,0
user_1384_5,101,7208,4983,23,1,1,0,0,2.98,0.19,0.1,37,5,1.4462,0.0107,1.6,1
user_1385_5,9,254,3033,938,1,0,0,1,0.87,0.15,34.76,0,5,0.0837,4.3038,0.7,1
user_1386_0,828,677,343,1426,1,1,0,1,4.33,5.19,0.59,94,0,1.968,30.9387,1.8,0
user_1387_0,231,1107,719,867,1,1,0,0,28.27,4.78,0.79,76,0,1.5375,29.6016,1.6,0
user_1388_0,2655,669,381,447,1,1,0,1,12.77,5.26,0.45,65,0,1.7513,15.5383,1.8,0
user_1389_2,256,1112,1511,240,1,1,0,0,16.29,4.26,2.25,72,2,0.7354,5.3499,1.6,0
user_1390_0,2881,357,600,902,1,0,0,0,28.87,2.79,0.44,0,0,0.594,86.7986,0.5,0
user_1391_5,35,4540,4256,34,1,1,0,1,3.33,0.27,0.07,23,5,1.0665,0.029,1.0,1
user_1392_2,102,74736,5037,12,1,1,0,1,4.94,0.69,0.16,33,2,14.8345,0.001,1.8,1
user_1393_7,82,121,3707,1224,0,0,0,1,1.4,0.75,33.35,0,7,0.0326,29.0951,0.4,1
user_1394_5,26,29,2437,4965,1,1,0,0,1.08,0.02,54.41,20,5,0.0119,185.36,0.8,1
user_1395_5,24,199,2918,1912,0,0,0,1,0.4,0.66,119.93,0,5,0.0682,16.4432,0.4,1
user_1396_0,989,1566,545,423,1,1,0,0,15.61,3.56,1.1,67,0,2.8681,6.1358,1.6,0
user_1397_5,510,5,233,0,0,0,0,0,0.0,0.0,0.0,0,5,0.0214,0.0,0.2,1
user_1398_5,348,16,947,3,0,0,0,0,0.0,0.0,0.0,0,5,0.0169,0.0,0.2,1
user_1399_0,931,548,338,1650,1,1,0,1,17.13,6.77,1.1,97,0,1.6165,92.1776,1.8,0
user_1400_0,133,490,754,722,1,1,0,1,1.84,2.37,0.12,75,0,0.649,9.6757,1.8,0
user_1401_4,62,13947,4491,37,1,1,0,0,4.16,0.59,0.14,17,4,3.1049,0.0142,0.8,1
user_1402_6,40,84,4534,2312,0,0,0,0,0.94,0.29,119.54,0,6,0.0185,41.344,0.2,1
user_1403_0,1501,134298,768,2814,1,1,1,1,1013.6,93.4,4.25,137,0,174.6398,25.1523,1.8,0
user_1404_2,2090,815,490,271,1,1,0,1,19.0,2.37,1.08,53,2,1.6599,7.8842,1.8,0
user_1405_7,40,160,1794,8443,1,0,0,0,0.16,0.77,33.35,0,7,0.0891,89.1497,0.5,1
user_1406_0,1131,1005,1102,574,1,1,0,1,13.39,2.15,0.78,46,0,0.9112,10.0935,1.8,0
user_1407_1,135,226,195,546,1,1,0,1,20.17,1.51,1.95,28,1,1.1531,55.7786,1.0,0
user_1408_0,4028,36082,772,6600,1,1,1,1,309.77,729.15,6.78,97,0,46.6779,323.4005,1.8,0
user_1409_4,77,93,4832,202,0,0,0,0,0.97,0.01,115.84,0,4,0.0192,2.1274,0.2,1
user_1410_0,131,944,620,991,1,1,0,0,18.28,7.49,1.94,35,0,1.5201,34.879,1.6,0
user_1411_0,1767,611,291,704,1,1,1,1,30.83,2.93,0.42,114,0,2.0925,42.2055,1.8,0
user_1412_0,2803,106950,1408,4239,1,1,1,1,327.99,283.97,3.49,102,0,75.9049,35.5102,1.8,0
user_1413_5,24,195,2324,2601,1,0,0,1,0.89,0.1,59.89,0,5,0.0839,14.4647,0.7,1
user_1414_6,69,40,3271,3470,1,0,0,1,0.8,0.32,104.06,0,6,0.0122,121.8732,0.7,1
user_1415_0,1308,103795,698,5561,1,1,1,1,1220.53,108.06,6.56,68,0,148.4907,76.9703,1.8,0
user_1416_0,338,559,269,452,1,1,0,1,11.99,0.0,2.42,30,0,2.0704,9.6776,1.0,0
user_1417_0,2210,21532,587,6242,1,1,1,1,475.26,378.69,1.37,101,0,36.619,357.3185,1.8,0
user_1418_8,21,263,2733,2665,0,1,0,0,0.27,0.39,23.6,9,8,0.0962,10.5994,0.5,1
user_1419_5,288,18,1135,1,0,0,0,0,0.0,0.0,0.0,0,5,0.0158,0.0,0.2,1
user_1420_5,232,13,198,0,1,0,0,0,0.0,0.0,0.0,0,5,0.0653,0.0,0.5,1
user_1421_5,71,157,2550,428,0,0,0,1,0.81,0.06,16.89,0,5,0.0615,2.5192,0.4,1
user_1422_0,3747,60723,753,6177,1,1,0,1,2704.32,422.15,2.18,57,0,80.5345,360.9747,1.8,0
user_1423_2,114,16004,5774,29,0,0,0,0,0.65,0.74,0.38,0,2,2.7713,0.0039,0.2,1
user_1424_4,18,97,2371,1031,0,0,0,0,1.48,0.04,29.93,0,4,0.0409,16.4118,0.2,1
user_1425_5,20,30158,6038,30,0,0,0,0,3.17,0.21,0.1,0,5,4.9939,0.0036,0.2,1
user_1426_2,1418,1488,303,494,1,1,0,1,14.26,2.25,2.12,45,2,4.8947,6.2239,1.8,0
user_1427_4,24,47306,5304,16,1,1,0,0,2.73,0.12,0.23,20,4,8.9172,0.001,0.8,1
user_1428_8,18,116,2806,428,1,1,0,0,0.55,0.08,80.96,8,8,0.0413,2.5973,0.8,1
user_1429_7,38,177,4689,1715,0,0,0,1,0.97,0.52,106.02,0,7,0.0377,19.366,0.4,1
user_1430_3,147,10,1506,3,0,1,0,0,0.0,0.0,0.0,0,3,0.0066,0.0,0.5,1
user_1431_7,66,34,3123,482,0,0,0,0,0.82,0.5,84.67,0,7,0.0109,25.064,0.2,1
user_1432_0,222,554,616,908,1,1,0,1,18.01,3.67,1.52,46,0,0.8979,41.4735,1.8,0
user_1433_2,482,475,727,1183,1,1,0,1,25.76,1.23,1.03,61,2,0.6525,70.135,1.8,0
user_1434_1,1740,497,935,1375,1,1,0,1,12.49,0.56,1.36,30,1,0.531,37.5778,1.0,0
user_1435_2,714,242,968,1022,1,1,0,1,31.09,2.16,0.56,59,2,0.2497,148.926,1.8,0
user_1436_0,1254,12707,1013,12164,1,1,1,1,421.05,92.66,4.22,90,0,12.5316,580.4127,1.8,0
user_1437_4,83,29103,4084,23,0,0,0,1,3.18,0.71,0.05,0,4,7.1244,0.0036,0.4,1
user_1438_2,793,2128,517,374,1,1,0,0,28.3,3.53,1.69,77,2,4.1081,6.2117,1.6,0
user_1439_1,152,552,635,1268,1,1,0,1,11.01,5.43,1.46,60,1,0.8679,50.1468,1.8,0
user_1440_2,119,7883,4093,27,1,1,0,1,3.58,0.88,0.14,36,2,1.9255,0.0183,1.8,1
user_1441_6,32,101,3292,5749,0,0,0,1,0.59,0.16,59.6,0,6,0.0307,51.2901,0.4,1
user_1442_6,480,10,1977,2,1,0,0,0,0.0,0.0,0.0,0,6,0.0051,0.0,0.5,1
user_1443_0,704,157409,568,4899,1,1,1,1,3601.95,573.5,4.61,116,0,276.6415,147.7994,1.8,0
user_1444_5,27,5022,5239,28,1,0,0,1,0.65,0.6,0.29,0,5,0.9584,0.0103,0.7,1
user_1445_0,578,50113,253,2172,1,1,0,1,1346.75,170.1,1.29,84,0,197.2953,73.1144,1.8,0
user_1446_4,114,7680,4084,41,0,1,0,0,4.7,0.77,0.35,34,4,1.88,0.0333,1.3,1
user_1447_6,456,18,1082,3,0,0,0,0,0.0,0.0,0.0,0,6,0.0166,0.0,0.2,1
user_1448_2,65,17615,4822,22,1,1,0,1,1.85,0.41,0.15,38,2,3.6523,0.0033,1.8,1
user_1449_1,140,627,328,1054,0,0,0,1,15.3,3.78,1.98,0,1,1.9058,38.3669,0.4,0
user_1450_4,48,77,4458,2697,1,0,0,0,0.32,0.63,34.63,0,4,0.0173,54.6315,0.5,1
user_1451_5,112,16,794,0,0,0,0,0,0.0,0.0,0.0,0,5,0.0201,0.0,0.2,1
user_1452_4,104,1,575,1,0,1,0,0,0.0,0.0,0.0,0,4,0.0017,0.0,0.5,1
user_1453_2,34,27518,4065,30,1,0,0,0,2.0,0.52,0.31,0,2,6.7678,0.0033,0.5,1
user_1454_6,65,116,1685,2912,1,0,0,0,0.28,0.46,31.26,0,6,0.0688,29.8667,0.5,1
user_1455_5,73,10327,4494,23,1,0,0,0,4.47,0.08,0.37,0,5,2.2974,0.0103,0.5,1
user_1456_1,490,1205,612,826,1,0,0,1,13.03,0.0,1.02,0,1,1.9657,8.9244,0.7,0
user_1457_5,28,44,2381,5170,1,0,0,0,0.55,0.65,69.95,0,5,0.0185,212.5444,0.5,1
user_1458_0,735,460,895,503,1,1,0,0,18.25,0.0,1.84,59,0,0.5134,19.9127,1.6,0
user_1459_0,2546,19417,521,4271,1,1,1,1,837.27,77.24,5.66,129,0,37.1973,218.136,1.8,0
user_1460_0,1723,30624,853,4782,1,1,1,1,1894.46,435.13,4.46,103,0,35.8595,431.7026,1.8,0
user_1461_0,3246,123291,953,4740,1,1,1,1,663.89,89.1,2.68,118,0,129.2358,32.3744,1.8,0
user_1462_0,847,29324,676,2133,1,1,1,1,710.9,383.05,7.25,94,0,43.3146,107.4319,1.8,0
user_1463_6,17,47,2709,3397,0,0,0,0,1.29,0.51,41.59,0,6,0.0173,163.4806,0.2,1
user_1464_0,1778,23275,1150,2551,1,1,0,1,759.51,148.35,4.8,125,0,20.2215,115.7584,1.8,0
user_1465_1,1369,995,227,1208,1,1,0,1,27.8,0.51,1.2,42,1,4.364,34.9544,1.8,0
user_1466_4,372,13,1816,3,0,0,0,0,0.0,0.0,0.0,0,4,0.0072,0.0,0.2,1
user_1467_6,77,130,1812,1251,0,0,0,1,0.11,0.66,59.91,0,6,0.0717,13.656,0.4,1
user_1468_2,449,555,1281,296,1,0,0,1,14.39,5.67,1.25,0,2,0.4329,13.698,0.7,0
user_1469_4,22,77072,4605,23,1,1,0,0,0.89,0.0,0.25,35,4,16.733,0.0003,1.6,1
user_1470_4,243,5,403,1,1,0,0,0,0.0,0.0,0.0,0,4,0.0124,0.0,0.5,1
user_1471_6,587,4,1774,1,1,0,0,0,0.0,0.0,0.0,0,6,0.0023,0.0,0.5,1
user_1472_4,32,11427,4999,25,1,0,0,0,2.67,0.5,0.19,0,4,2.2854,0.008,0.5,1
user_1473_8,84,243,4477,1699,1,0,0,0,0.48,0.37,44.99,0,8,0.0543,8.495,0.5,1
user_1474_0,202,314,469,173,1,1,0,0,9.23,3.36,0.67,61,0,0.6681,8.7598,1.6,0
user_1475_3,582,4,1641,1,0,1,0,0,0.0,0.0,0.0,0,3,0.0024,0.0,0.5,1
user_1476_0,3717,14661,1356,4792,1,1,0,1,748.06,281.32,2.12,110,0,10.804,428.3777,1.8,0
user_1477_5,557,3,330,1,0,0,0,0,0.0,0.0,0.0,0,5,0.0091,0.0,0.2,1
user_1478_0,1214,55691,1127,1409,1,1,1,1,1405.78,58.66,7.36,72,0,49.3715,38.5342,1.8,0
user_1479_0,278,785,541,1041,1,1,0,0,22.69,2.15,0.74,47,0,1.4483,35.7463,1.6,0
user_1480_0,3941,144215,993,2339,1,1,1,1,940.72,617.55,7.51,86,0,145.0855,35.289,1.8,0
user_1481_0,661,191,393,212,1,1,0,1,24.35,4.18,0.58,63,0,0.4848,36.1173,1.8,0
user_1482_0,271,1045,458,865,1,1,0,1,6.74,0.68,0.32,92,0,2.2767,6.6984,1.8,0
user_1483_0,2479,118,442,1313,1,0,0,1,13.34,2.75,2.22,0,0,0.2664,207.8733,0.7,0
user_1484_6,45,139,1524,3522,0,0,0,0,1.05,0.76,70.79,0,6,0.0911,64.6539,0.2,1
user_1485_5,421,5,340,1,0,0,0,0,0.0,0.0,0.0,0,5,0.0147,0.0,0.2,1
user_1486_0,766,56025,649,2962,1,1,1,1,1857.2,479.96,6.4,96,0,86.1923,148.9364,1.8,0
user_1487_0,292,1032,564,411,1,0,0,0,3.94,3.05,2.33,0,0,1.8265,3.9946,0.5,0
user_1488_4,110,9361,4429,32,0,0,0,1,3.95,0.35,0.22,0,4,2.1131,0.0159,0.4,1
user_1489_1,340,380,294,696,1,0,0,1,6.88,6.13,2.4,0,1,1.2881,34.9644,0.7,0
user_1490_3,66,3613,4605,49,1,0,0,1,1.78,0.59,0.31,0,3,0.7844,0.0401,0.7,1
user_1491_7,27,140,3381,2279,1,0,0,0,0.23,0.75,55.22,0,7,0.0414,27.9622,0.5,1
user_1492_1,303,1251,526,116,1,1,0,1,0.0,3.56,1.73,82,1,2.3738,0.6597,1.8,0
user_1493_0,854,632,360,297,1,1,0,1,2.34,5.18,1.87,115,0,1.7507,5.9588,1.8,0
user_1494_5,41,150,3768,137,1,1,0,0,0.13,0.07,111.94,22,5,0.0398,0.245,0.8,1
user_1495_0,838,838,440,746,1,0,0,1,21.67,6.74,2.3,0,0,1.9002,31.2538,0.7,0
user_1496_0,702,396,841,2078,1,1,0,1,16.65,2.85,0.88,62,0,0.4703,116.9856,1.8,0
user_1497_3,32,12995,4586,38,1,1,0,1,1.07,0.95,0.11,33,3,2.833,0.0087,1.8,1
user_1498_5,459,15,516,0,1,0,0,0,0.0,0.0,0.0,0,5,0.029,0.0,0.5,1
user_1499_0,2743,500,781,104,1,1,0,1,14.82,3.15,2.16,67,0,0.6394,4.3842,1.8,0
user_1500_0,341,1219,523,658,1,1,0,0,10.62,6.27,1.95,53,0,2.3263,12.4912,1.6,0
user_1501_4,396,7,1053,1,0,1,0,0,0.0,0.0,0.0,0,4,0.0066,0.0,0.5,1
user_1502_0,732,93760,474,3372,1,1,1,1,3731.92,155.12,1.95,89,0,197.3895,145.3714,1.8,0
user_1503_4,191,5,872,2,0,0,0,0,0.0,0.0,0.0,0,4,0.0057,0.0,0.2,1
user_1504_0,368,655,679,278,1,1,0,0,14.8,2.01,2.25,60,0,0.9632,7.9755,1.6,0
user_1505_0,747,621,2115,440,1,1,0,0,3.57,4.03,0.21,86,0,0.2935,8.227,1.6,0
user_1506_5,77,275,2428,4785,0,0,0,0,0.07,0.58,61.67,0,5,0.1132,21.3245,0.2,1
user_1507_0,1006,832,385,235,1,1,0,0,26.18,3.12,0.82,70,0,2.1554,9.1461,1.6,0
user_1508_2,20,5271,4333,33,0,1,0,1,1.78,0.95,0.43,31,2,1.2162,0.023,1.5,1
user_1509_2,663,613,198,590,1,0,0,1,9.66,5.43,0.17,0,2,3.0804,19.7179,0.7,0
user_1510_0,933,32516,597,3345,1,1,1,1,538.84,229.87,4.38,103,0,54.3746,102.7232,1.8,0
user_1511_6,10,66,2250,2779,0,0,0,0,1.29,0.75,69.44,0,6,0.0293,115.7225,0.2,1
user_1512_0,160,1107,191,1899,1,1,0,1,11.16,4.09,0.89,68,0,5.7656,33.1468,1.8,0
user_1513_0,1443,19222,913,4471,1,1,1,1,2473.35,203.55,3.61,160,0,21.0306,669.9522,1.8,0
user_1514_0,1969,535,294,830,1,1,0,1,16.87,1.81,0.52,65,0,1.8136,31.7289,1.8,0
user_1515_0,199,763,342,141,1,1,0,0,9.17,5.14,0.26,81,0,2.2245,3.5896,1.6,0
user_1516_0,315,1854,161,2188,1,1,0,0,10.88,4.76,1.76,30,0,11.4444,24.0621,0.8,0
user_1517_0,204,139,1192,1543,1,1,0,1,12.74,2.1,0.77,73,0,0.1165,186.703,1.8,0
user_1518_0,947,314,753,2079,1,1,0,0,25.85,4.05,2.5,28,0,0.4164,224.07,0.8,0
user_1519_0,642,1762,456,1128,1,1,0,0,18.3,5.68,1.06,117,0,3.8556,18.977,1.6,0
user_1520_7,42,109,1983,1257,0,0,0,0,0.63,0.77,77.92,0,7,0.0549,24.7972,0.2,1
user_1521_0,525,617,1091,800,1,1,0,1,19.3,1.37,2.37,21,0,0.565,28.5307,1.0,0
user_1522_5,518,19,142,2,0,0,0,0,0.0,0.0,0.0,0,5,0.1329,0.0,0.2,1
user_1523_1,338,324,481,446,1,1,0,1,34.7,4.92,0.72,65,1,0.6722,61.1226,1.8,0
user_1524_7,72,111,2916,1100,0,0,0,0,1.48,0.13,19.9,0,7,0.0381,17.0893,0.2,1
user_1525_1,1535,176,493,1048,1,1,0,1,28.94,3.75,1.87,45,1,0.3563,215.7577,1.8,0
user_1526_0,3194,136205,897,2993,1,1,0,1,1845.99,42.1,2.18,102,0,151.6759,42.4141,1.8,0
user_1527_4,90,40269,5006,22,0,0,0,1,3.54,0.42,0.38,0,4,8.0425,0.0024,0.4,1
user_1528_2,290,1370,778,857,1,0,1,0,10.01,4.54,1.49,0,2,1.7587,11.933,0.5,0
user_1529_0,1007,871,209,308,1,1,0,0,13.62,5.7,1.46,60,0,4.1476,8.8373,1.6,0
user_1530_3,68,18773,4426,45,1,1,0,1,1.97,0.98,0.35,11,3,4.2406,0.0094,1.0,1
user_1531_3,20,3362,4981,25,1,1,0,0,1.24,0.69,0.28,16,3,0.6748,0.0195,0.8,1
user_1532_3,22,5392,4910,37,1,1,0,1,0.67,0.62,0.4,25,3,1.0979,0.0131,1.0,1
user_1533_1,943,1086,412,1232,1,1,0,1,18.39,4.94,1.58,42,1,2.6295,32.0411,1.8,0
user_1534_7,31,98,4432,250,1,0,0,0,1.4,0.54,58.52,0,7,0.0221,6.2626,0.5,1
user_1535_0,379,615,884,1590,1,1,0,1,7.63,2.19,1.17,71,0,0.6949,30.9998,1.8,0
user_1536_3,102,14,1815,3,1,0,0,0,0.0,0.0,0.0,0,3,0.0077,0.0,0.5,1
user_1537_5,371,10,368,3,0,0,0,0,0.0,0.0,0.0,0,5,0.0271,0.0,0.2,1
user_1538_2,111,6510,4479,34,0,1,0,0,3.81,0.3,0.26,27,2,1.4531,0.023,0.5,1
user_1539_7,30,202,2053,2430,0,0,0,0,1.12,0.21,107.58,0,7,0.0983,18.4345,0.2,1
user_1540_0,881,546,296,184,1,1,0,1,24.61,1.9,0.9,36,0,1.8384,9.5566,1.8,0
user_1541_1,1420,653,1009,678,1,0,0,1,23.47,2.77,1.67,0,1,0.6465,30.0746,0.7,0
user_1542_0,2329,195,296,330,1,1,0,0,23.8,4.4,0.72,27,0,0.6566,54.8878,0.8,0
user_1543_0,2377,479,102,1259,1,1,0,1,23.69,0.0,0.33,55,0,4.6505,62.1369,1.8,0
user_1544_7,18,142,3619,2454,0,1,0,0,0.66,0.05,63.79,25,7,0.0392,13.0422,0.5,1
user_1545_5,46,44,1547,822,1,1,0,0,0.74,0.34,58.1,10,5,0.0284,25.9387,0.8,1
user_1546_0,165,216,355,265,1,0,0,1,36.34,7.23,1.67,0,0,0.6067,62.0369,0.7,0
user_1547_4,19,3833,5579,44,0,1,0,0,2.27,0.32,0.23,14,4,0.6869,0.0334,0.5,1
user_1548_7,42,152,4470,2548,0,0,0,1,0.87,0.18,43.26,0,7,0.034,20.4839,0.4,1
user_1549_0,3991,131,383,1594,1,1,0,0,24.33,1.26,0.39,59,0,0.3411,324.2341,1.6,0
user_1550_6,20,33,4791,704,1,1,0,1,0.25,0.66,95.77,19,6,0.0069,32.5082,1.0,1
user_1551_2,223,303,116,1425,1,1,0,0,20.75,1.52,1.85,61,2,2.5897,111.5156,1.6,0
user_1552_0,859,784,568,1322,1,0,0,0,17.26,1.34,1.54,0,0,1.3779,33.5805,0.5,0
user_1553_0,146,1148,472,236,1,1,0,0,18.45,4.83,0.63,39,0,2.4271,5.7737,1.6,0
user_1554_5,71,141,4272,3748,1,0,0,0,0.47,0.09,43.68,0,5,0.033,17.1563,0.5,1
user_1555_0,3368,15517,1087,5464,1,1,1,1,1208.51,153.03,6.3,127,0,14.2619,533.291,1.8,0
user_1556_0,1583,268,197,1052,1,1,0,1,27.87,3.48,2.02,29,0,1.3535,136.2125,1.0,0
user_1557_7,24,162,4321,972,1,0,0,0,1.19,0.08,43.5,0,7,0.0375,8.0503,0.5,1
user_1558_0,3010,444,390,2123,1,1,0,0,25.79,4.75,1.05,35,0,1.1355,168.3611,1.6,0
user_1559_3,81,7458,4139,47,0,1,0,0,2.67,0.33,0.25,27,3,1.8014,0.021,0.5,1
user_1560_0,2083,67898,646,4445,1,1,1,1,753.94,206.41,3.2,102,0,104.9428,76.3818,1.8,0
user_1561_0,1039,449,476,1430,1,1,0,0,34.46,0.62,2.06,33,0,0.9413,113.4467,1.6,0
user_1562_6,70,154,2568,7379,1,0,0,0,1.1,0.19,33.03,0,6,0.0599,70.4575,0.5,1
user_1563_0,913,854,188,1285,1,1,0,1,20.88,3.67,1.0,54,0,4.5185,42.4125,1.8,0
user_1564_4,369,5,328,1,0,1,0,0,0.0,0.0,0.0,0,4,0.0152,0.0,0.5,1
user_1565_4,111,6,1850,2,0,0,0,0,0.0,0.0,0.0,0,4,0.0032,0.0,0.2,1
user_1566_6,13,283,4282,499,1,0,0,0,1.17,0.77,28.3,0,6,0.0661,4.7616,0.5,1
user_1567_0,1066,32564,854,3393,1,1,0,1,2231.6,445.58,4.4,103,0,38.0865,325.3654,1.8,0
user_1568_0,933,294,294,484,1,1,0,0,13.24,1.3,1.01,49,0,0.9966,25.9883,1.6,0
user_1569_2,45,15912,4828,21,1,0,0,0,0.76,0.31,0.12,0,2,3.2951,0.0018,0.5,1
user_1570_4,6,171,2828,1512,1,0,0,0,1.1,0.7,35.22,0,4,0.0604,21.9767,0.5,1
user_1571_4,34,169,2758,368,1,0,0,0,0.68,0.64,76.99,0,4,0.0613,4.2428,0.5,1
user_1572_0,1955,88680,758,1817,1,1,1,1,229.68,172.65,3.33,117,0,116.8379,11.7809,1.8,0
user_1573_5,37,16405,5032,16,1,1,0,1,0.89,0.18,0.39,10,5,3.2595,0.0012,1.0,1
user_1574_1,976,524,1413,1253,1,1,0,1,0.0,4.18,1.06,87,1,0.3706,19.9525,1.8,0
user_1575_0,521,13871,277,4071,1,1,0,1,451.92,408.86,6.89,110,0,49.8957,372.5998,1.8,0
user_1576_3,82,3431,4741,16,1,0,0,0,1.41,0.18,0.2,0,3,0.7235,0.0083,0.5,1
user_1577_0,1277,25781,965,3303,1,1,0,1,2620.36,383.34,7.0,102,0,26.6884,433.9226,1.8,0
user_1578_0,668,69572,715,1469,1,1,1,1,361.53,623.51,7.05,143,0,97.1676,33.9637,1.8,0
user_1579_2,99,11479,4379,40,1,1,0,0,2.58,0.79,0.42,26,2,2.6208,0.0145,0.8,1
user_1580_0,4633,79915,1442,2470,1,1,0,1,2496.22,238.74,2.38,86,0,55.3812,91.9095,1.8,0
user_1581_0,563,18630,510,2723,1,1,1,1,1073.59,400.57,4.13,114,0,36.4579,273.9998,1.8,0
user_1582_6,57,42,2047,1249,0,1,0,0,0.58,0.14,38.82,19,6,0.0205,24.98,0.5,1
user_1583_0,724,64369,665,4379,1,1,1,1,686.39,266.0,1.63,94,0,96.6502,82.8853,1.8,0
user_1584_6,457,15,1437,1,0,0,0,0,0.0,0.0,0.0,0,6,0.0104,0.0,0.2,1
user_1585_4,349,18,1208,1,0,0,0,0,0.0,0.0,0.0,0,4,0.0149,0.0,0.2,1
user_1586_0,341,730,263,80,1,1,0,1,30.12,4.32,0.46,25,0,2.7652,4.2419,1.0,0
user_1587_0,231,865,299,503,1,1,1,0,14.82,3.42,1.64,25,0,2.8833,12.5808,0.8,0
user_1588_3,58,5970,4204,36,1,1,0,0,4.04,0.67,0.1,30,3,1.4197,0.0324,0.8,1
user_1589_3,170,12,825,0,1,0,0,0,0.0,0.0,0.0,0,3,0.0145,0.0,0.5,1
user_1590_5,235,16,1991,1,1,0,0,0,0.0,0.0,0.0,0,5,0.008,0.0,0.5,1
user_1591_1,132,364,260,906,1,1,0,0,23.62,3.79,2.34,62,1,1.3946,77.4444,1.6,0
user_1592_8,12,159,2310,499,1,0,0,0,1.41,0.15,117.69,0,8,0.0688,5.3331,0.5,1
user_1593_3,32,8699,3622,17,1,0,0,1,0.5,0.6,0.46,0,3,2.401,0.0033,0.7,1
user_1594_0,963,372,219,1486,1,1,0,1,8.72,2.99,1.12,54,0,1.6909,58.5635,1.8,0
user_1595_7,62,194,4683,136,1,1,0,0,0.49,0.11,108.19,16,7,0.0414,0.4952,0.8,1
user_1596_2,85,27464,4516,34,1,1,0,1,2.18,0.39,0.09,37,2,6.0801,0.0037,1.8,1
user_1597_4,58,10803,4265,31,1,1,0,0,4.54,0.66,0.45,24,4,2.5323,0.0168,0.8,1
user_1598_5,549,8,621,3,0,1,0,0,0.0,0.0,0.0,0,5,0.0129,0.0,0.5,1
user_1599_0,1698,725,253,991,1,1,0,0,2.47,0.0,2.2,66,0,2.8543,3.3716,1.6,0
user_1600_7,5,126,4675,2796,1,0,0,0,0.78,0.52,58.93,0,7,0.0269,40.0687,0.5,1
user_1601_5,18,140,2928,2426,0,1,0,1,0.63,0.73,119.28,7,5,0.0478,35.9599,0.7,1
user_1602_6,579,1,128,0,1,0,0,0,0.0,0.0,0.0,0,6,0.0078,0.0,0.5,1
user_1603_0,2763,11030,1280,1371,1,1,0,1,1592.93,320.38,2.55,124,0,8.6105,277.6166,1.8,0
user_1604_1,541,1135,339,1839,1,1,0,1,30.58,0.0,0.32,20,1,3.3382,49.5041,1.0,0
user_1605_0,295,197,383,1998,1,1,0,1,0.0,3.5,1.43,51,0,0.513,70.6364,1.8,0
user_1606_7,20,83,4337,5981,0,0,0,0,0.09,0.26,30.09,0,7,0.0191,43.4335,0.2,1
user_1607_0,686,10464,654,3993,1,1,0,1,1256.78,134.82,1.61,97,0,15.9756,582.4171,1.8,0
user_1608_0,1788,25313,630,3186,1,1,1,1,1268.37,199.27,5.01,103,0,40.1157,209.796,1.8,0
user_1609_6,514,6,550,1,0,0,0,0,0.0,0.0,0.0,0,6,0.0109,0.0,0.2,1
user_1610_0,584,74291,614,4919,1,1,1,1,2839.16,506.45,4.68,124,0,120.7984,255.0515,1.8,0
user_1611_0,950,80053,905,2395,1,1,1,1,820.64,100.44,3.49,83,0,88.3587,30.5611,1.8,0
user_1612_0,274,324,944,662,1,1,0,1,19.68,2.23,1.34,62,0,0.3429,49.1713,1.8,0
user_1613_0,207,232,735,379,1,0,0,1,8.99,4.64,0.41,0,0,0.3152,29.7182,0.7,0
user_1614_0,355,946,1258,391,1,1,0,1,27.31,2.51,1.86,0,0,0.7514,13.3485,1.0,0
user_1615_3,109,3892,4716,24,1,0,0,1,1.07,0.48,0.39,0,3,0.8251,0.0125,0.7,1
user_1616_0,6296,68021,584,2724,1,1,0,1,357.38,96.75,3.81,133,0,116.2752,22.0605,1.8,0
user_1617_4,34,199,3982,1864,0,0,0,0,0.13,0.79,28.35,0,4,0.05,15.9372,0.2,1
user_1618_4,30,198,2651,1093,0,0,0,0,1.08,0.41,114.07,0,4,0.0747,10.4357,0.2,1
user_1619_0,1553,136409,829,2310,1,1,0,1,2707.8,44.81,6.13,113,0,164.3482,47.3722,1.8,0
user_1620_0,555,136357,961,2457,1,1,1,1,359.34,100.29,1.45,109,0,141.7432,10.0891,1.8,0
user_1621_2,80,13570,4649,32,0,1,0,0,3.05,0.65,0.21,37,2,2.9183,0.0103,1.3,1
user_1622_2,15,41784,4631,10,0,0,0,0,1.46,0.59,0.25,0,2,9.0207,0.0006,0.2,1
user_1623_2,1450,1294,999,550,1,1,0,0,14.01,5.07,0.28,20,2,1.294,10.2568,0.8,0
user_1624_0,2069,1014,905,1651,1,1,0,1,29.55,7.99,2.09,0,0,1.1192,74.0591,1.0,0
user_1625_2,70,3584,5068,12,1,1,0,0,1.06,0.98,0.23,16,2,0.707,0.0101,0.8,1
user_1626_5,78,18473,4699,8,1,0,0,0,2.58,0.39,0.44,0,5,3.9304,0.0015,0.5,1
user_1627_0,1715,867,151,692,1,1,0,1,17.26,2.6,1.35,81,0,5.7039,17.9059,1.8,0
user_1628_0,771,1200,1553,163,1,1,0,1,23.33,0.76,1.91,94,0,0.7722,3.3726,1.8,0
user_1629_4,73,3171,4032,47,1,1,0,0,1.42,0.34,0.26,18,4,0.7863,0.0311,0.8,1
user_1630_0,3162,1590,1585,795,1,1,0,1,4.7,4.74,0.98,59,0,1.0025,7.0855,1.8,0
user_1631_8,8,201,2453,4204,0,0,0,0,0.57,0.45,27.03,0,8,0.0819,30.5935,0.2,1
user_1632_0,1013,71929,761,5302,1,1,1,1,336.41,507.89,6.15,101,0,94.395,99.6707,1.8,0
user_1633_0,245,508,134,1033,1,1,0,0,18.73,4.68,2.16,67,0,3.763,57.0078,1.6,0
user_1634_1,299,425,1268,704,1,1,0,1,4.55,0.0,1.88,72,1,0.3349,7.5192,1.8,0
user_1635_7,66,69,2682,1369,0,1,0,0,0.21,0.32,117.89,10,7,0.0257,16.6236,0.5,1
user_1636_0,588,43459,837,7618,1,1,0,1,308.24,729.44,3.65,137,0,51.8604,309.7543,1.8,0
user_1637_2,1127,811,300,482,1,1,0,1,2.15,2.61,1.24,68,2,2.6944,4.3748,1.8,0
user_1638_7,80,145,3801,4608,0,1,0,0,0.9,0.57,114.81,11,7,0.0381,64.3858,0.5,1
user_1639_0,875,84941,810,7883,1,1,1,1,1352.77,169.76,2.39,122,0,104.7361,157.0521,1.8,0
user_1640_4,355,14,880,2,0,1,0,0,0.0,0.0,0.0,0,4,0.0159,0.0,0.5,1
user_1641_0,1440,44373,796,1723,1,1,0,1,3437.35,272.19,5.62,126,0,55.675,154.6068,1.8,0
user_1642_2,95,9896,4402,48,1,1,0,0,1.72,0.29,0.17,35,2,2.2476,0.0112,1.6,1
user_1643_0,376,395,316,681,1,1,0,1,17.39,4.94,2.37,110,0,1.2461,46.8961,1.8,0
user_1644_3,65,43511,4501,35,1,1,0,1,4.74,0.06,0.23,10,3,9.6648,0.0039,1.0,1
user_1645_0,3400,103720,556,4861,1,1,1,1,3346.79,168.8,7.23,158,0,186.2118,172.673,1.8,0
user_1646_0,1187,274,514,361,1,1,0,0,28.94,5.68,1.79,91,0,0.532,52.9029,1.6,0
user_1647_5,344,9,478,0,0,0,0,0,0.0,0.0,0.0,0,5,0.0188,0.0,0.2,1
user_1648_0,410,366,1112,477,1,1,0,1,20.71,3.42,0.77,62,0,0.3288,35.8075,1.8,0
user_1649_1,416,2175,655,226,1,0,0,1,10.18,2.59,2.13,0,1,3.3155,1.5953,0.7,0
user_1650_5,101,10765,4622,14,1,1,0,1,3.04,0.95,0.46,36,5,2.3286,0.0064,1.8,1
user_1651_4,149,5,1040,2,0,1,0,0,0.0,0.0,0.0,0,4,0.0048,0.0,0.5,1
user_1652_1,352,357,766,1631,1,0,0,0,10.36,6.12,0.6,0,1,0.4654,102.9626,0.5,0
user_1653_3,60,6019,4932,47,1,0,0,0,4.14,0.7,0.39,0,3,1.2202,0.0433,0.5,1
user_1654_4,37,71,3714,7560,0,0,0,0,0.81,0.67,94.98,0,4,0.0191,225.75,0.2,1
user_1655_6,476,17,1337,3,0,0,0,0,0.0,0.0,0.0,0,6,0.0127,0.0,0.2,1
user_1656_5,22,32,4258,3709,0,1,0,0,0.78,0.66,59.02,9,5,0.0075,236.0273,0.5,1
user_1657_0,1409,91886,914,6075,1,1,0,1,261.63,557.14,1.53,126,0,100.4219,90.9667,1.8,0
user_1658_0,3008,27689,482,1127,1,1,1,1,3123.13,117.3,4.23,133,0,57.3271,136.6617,1.8,0
user_1659_0,4073,339186,1034,1937,1,1,0,1,211.15,194.31,4.42,120,0,327.7159,3.4251,1.8,0
user_1660_0,266,143,622,162,1,1,0,0,11.82,3.38,1.54,70,0,0.2295,20.9025,1.6,0
user_1661_3,374,11,863,1,1,0,0,0,0.0,0.0,0.0,0,3,0.0127,0.0,0.5,1
user_1662_4,41,250,4380,518,1,0,0,0,0.44,0.58,39.13,0,4,0.0571,3.302,0.5,1
user_1663_6,19,40,2331,1055,0,0,0,1,1.07,0.26,48.46,0,6,0.0172,40.9134,0.4,1
user_1664_2,30,6141,3642,43,1,0,0,1,3.48,0.34,0.36,0,2,1.6857,0.0291,0.7,1
user_1665_5,46,245,4841,5301,1,0,0,0,0.7,0.55,107.82,0,5,0.0506,38.7878,0.5,1
user_1666_5,507,19,1772,0,0,0,0,0,0.0,0.0,0.0,0,5,0.0107,0.0,0.2,1
user_1667_2,881,643,74,974,1,1,0,0,9.42,6.95,1.44,68,2,8.5733,35.2697,1.6,0
user_1668_0,618,731,295,2054,1,1,0,1,37.24,3.98,1.05,109,0,2.4696,126.8317,1.8,0
user_1669_3,113,19709,4463,45,0,1,0,1,0.85,0.93,0.21,35,3,4.4151,0.0062,1.5,1
user_1670_0,1706,84466,562,3312,1,1,0,1,713.2,198.28,3.34,101,0,150.0284,43.5143,1.8,0
user_1671_0,245,618,365,1693,1,1,0,1,28.53,4.18,1.01,112,0,1.6885,100.8962,1.8,0
user_1672_2,108,13282,4320,9,0,0,0,0,2.02,0.72,0.38,0,2,3.0738,0.0023,0.2,1
user_1673_0,376,1355,413,233,1,1,0,0,12.12,0.7,1.29,34,0,3.2729,2.3231,1.6,0
user_1674_1,1304,359,589,513,1,1,0,1,20.97,3.03,0.35,74,1,0.6085,38.5177,1.8,0
user_1675_0,586,713,1335,400,1,1,0,0,21.88,1.8,0.35,33,0,0.5337,14.2745,1.6,0
user_1676_4,109,8,141,3,1,0,0,0,0.0,0.0,0.0,0,4,0.0563,0.0,0.5,1
user_1677_1,497,1182,605,1795,1,1,0,0,39.78,5.19,2.37,78,1,1.9505,76.1092,1.6,0
user_1678_4,41,7568,3927,6,1,1,0,0,1.49,0.71,0.4,23,4,1.9267,0.0023,0.8,1
user_1679_0,259,1552,113,87,1,1,0,1,18.72,0.0,0.82,54,0,13.614,1.0487,1.8,0
user_1680_7,87,137,2876,3848,0,0,0,0,1.12,0.43,99.95,0,7,0.0476,55.2104,0.2,1
user_1681_0,1125,410,1109,89,1,1,0,0,12.54,3.07,0.62,0,0,0.3694,4.0451,0.8,0
user_1682_0,1133,541,1406,460,1,1,0,1,22.34,4.91,1.55,85,0,0.3845,27.2945,1.8,0
user_1683_0,418,256,968,590,1,1,0,0,22.37,4.17,2.32,31,0,0.2642,70.5016,1.6,0
user_1684_5,573,17,507,2,1,0,0,0,0.0,0.0,0.0,0,5,0.0335,0.0,0.5,1
user_1685_0,1282,283,368,88,1,1,0,1,18.55,4.92,1.94,54,0,0.7669,8.7969,1.8,0
user_1686_0,518,25363,800,4108,1,1,1,1,3397.15,424.14,2.4,117,0,31.6642,687.5976,1.8,0
user_1687_4,97,23137,4095,33,1,1,0,0,4.23,0.25,0.4,38,4,5.6487,0.0067,1.6,1
user_1688_4,63,9798,5150,38,1,0,0,0,4.06,0.48,0.29,0,4,1.9022,0.0195,0.5,1
user_1689_5,57,36865,3799,12,1,0,0,0,4.51,0.24,0.38,0,5,9.7013,0.0016,0.5,1
user_1690_4,89,95,3985,345,0,1,0,0,0.89,0.4,82.82,29,4,0.0238,6.0734,0.5,1
user_1691_3,105,12848,4556,19,0,1,0,1,4.7,0.81,0.36,10,3,2.8194,0.0093,0.7,1
user_1692_0,2053,343,597,117,1,0,0,0,21.42,6.95,1.11,0,0,0.5736,12.0129,0.5,0
user_1693_1,2320,706,401,430,1,1,0,1,10.83,4.09,1.73,51,1,1.7562,11.562,1.8,0
user_1694_2,138,284,410,1419,1,0,0,1,15.27,3.94,1.18,0,2,0.691,115.2626,0.7,0
user_1695_0,310,334,130,460,1,1,0,1,16.24,2.86,0.11,48,0,2.5496,30.154,1.8,0
user_1696_3,106,23747,4336,47,0,0,0,1,1.8,0.25,0.2,0,3,5.4754,0.0046,0.4,1
user_1697_0,1196,45915,491,6654,1,1,0,1,715.97,378.51,6.3,86,0,93.3232,213.461,1.8,0
user_1698_5,74,12932,4862,29,1,1,0,1,0.99,0.75,0.11,11,5,2.6593,0.0056,1.0,1
user_1699_5,130,8,453,2,0,0,0,0,0.0,0.0,0.0,0,5,0.0176,0.0,0.2,1
user_1700_3,52,16869,4792,44,1,0,0,0,0.65,0.82,0.25,0,3,3.5195,0.006,0.5,1
user_1701_0,2549,16654,719,2956,1,1,0,1,685.8,88.44,5.25,121,0,23.1306,153.1121,1.8,0
user_1702_0,2909,11631,1176,4452,1,1,1,1,1766.91,697.11,3.33,103,0,9.8819,1209.8823,1.8,0
user_1703_1,339,634,302,438,0,1,0,1,20.41,5.04,1.71,33,1,2.0924,21.0309,1.5,0
user_1704_0,781,1431,671,176,1,0,0,1,16.6,6.22,2.27,0,0,2.1295,3.5692,0.7,0
user_1705_0,1278,39676,844,6532,1,1,0,1,246.17,258.78,2.61,118,0,46.9538,125.7324,1.8,0
user_1706_3,93,13504,4029,45,1,1,0,1,1.87,0.98,0.17,16,3,3.3509,0.0128,1.0,1
user_1707_1,3191,1482,1873,734,1,1,0,0,14.96,2.7,2.13,38,1,0.7908,10.077,1.6,0
user_1708_0,831,302,921,785,1,1,0,1,18.36,1.64,0.73,52,0,0.3275,56.064,1.8,0
user_1709_7,46,37,2100,316,1,0,0,1,0.03,0.2,108.52,0,7,0.0176,3.5758,0.7,1
user_1710_2,1496,1368,530,384,0,1,0,1,35.68,2.53,1.23,66,2,2.5763,11.4274,1.5,0
user_1711_1,904,996,846,1261,1,0,0,1,16.01,2.03,2.26,0,1,1.1759,25.3844,0.7,0
user_1712_4,79,12646,4129,22,1,0,0,0,2.05,0.5,0.26,0,4,3.062,0.0053,0.5,1
user_1713_1,695,370,349,2257,1,1,0,0,9.17,3.33,2.14,121,1,1.0571,96.3027,1.6,0
user_1714_1,237,194,1003,1309,1,1,0,0,24.31,1.68,0.59,53,1,0.1932,185.7437,1.6,0
user_1715_0,143,741,564,1240,1,1,0,0,19.2,5.83,2.42,88,0,1.3115,51.572,1.6,0
user_1716_0,751,1174,849,769,1,1,0,0,13.77,5.06,1.41,61,0,1.3812,15.6352,1.6,0
user_1717_0,2848,186,841,613,1,1,0,1,27.2,5.95,2.36,5,0,0.2209,128.1727,1.0,0
user_1718_0,1081,38311,596,3104,1,1,1,1,736.41,180.71,3.87,126,0,64.1725,88.9451,1.8,0
user_1719_1,2197,558,257,724,1,1,0,1,8.73,2.83,0.21,87,1,2.1628,18.6375,1.8,0
user_1720_5,510,2,1996,1,0,1,0,0,0.0,0.0,0.0,0,5,0.001,0.0,0.5,1
user_1721_0,2031,679,461,1137,1,1,0,0,10.17,2.24,1.09,46,0,1.4697,24.4957,1.6,0
user_1722_0,2971,72250,551,3438,1,1,0,1,2052.2,111.94,3.92,128,0,130.8877,108.3053,1.8,0
user_1723_1,787,475,787,842,1,1,0,1,12.68,4.14,2.07,46,1,0.6028,37.0763,1.8,0
user_1724_1,204,583,378,1449,1,1,0,1,17.99,3.78,0.53,99,1,1.5383,63.3937,1.8,0
user_1725_6,65,83,4517,4578,0,0,0,1,1.3,0.71,108.07,0,6,0.0184,148.24,0.4,1
user_1726_2,72,3788,4528,38,1,1,0,1,2.71,0.17,0.18,14,2,0.8364,0.0306,1.0,1
user_1727_5,176,5,1222,1,1,0,0,0,0.0,0.0,0.0,0,5,0.0041,0.0,0.5,1
user_1728_7,25,93,4782,3593,1,0,0,0,0.84,0.15,62.06,0,7,0.0194,43.5747,0.5,1
user_1729_0,1334,444,984,563,1,1,0,0,19.99,3.51,1.19,18,0,0.4508,34.1722,0.8,0
user_1730_3,94,31758,4124,35,1,1,0,1,4.79,0.83,0.46,34,3,7.6989,0.0071,1.8,1
user_1731_0,490,1639,871,265,1,1,0,1,2.88,2.85,1.81,71,0,1.8796,1.3864,1.8,0
user_1732_0,161,95,468,369,1,0,0,1,24.34,1.24,0.12,0,0,0.2026,103.0894,0.7,0
user_1733_0,877,342,2225,1177,1,0,0,0,15.47,6.25,1.19,0,0,0.1536,95.9787,0.5,0
user_1734_6,28,45,3446,891,0,1,0,0,0.93,0.44,92.68,22,6,0.0131,35.0589,0.5,1
user_1735_4,106,11491,5226,31,0,1,0,0,3.87,0.76,0.48,11,4,2.1984,0.0145,0.5,1
user_1736_0,981,14733,656,1947,1,1,1,1,1807.08,404.48,7.34,160,0,22.4247,345.6923,1.8,0
user_1737_0,4170,110283,552,2440,1,1,1,1,1228.83,258.9,6.25,90,0,199.4268,38.6437,1.8,0
user_1738_8,31,291,1912,6452,0,0,0,0,1.06,0.68,60.58,0,8,0.1521,53.4721,0.2,1
user_1739_3,81,31005,4512,18,1,1,0,1,4.89,0.9,0.11,34,3,6.8702,0.0039,1.8,1
user_1740_5,336,11,1106,1,1,0,0,0,0.0,0.0,0.0,0,5,0.0099,0.0,0.5,1
user_1741_5,16,235,3690,1152,0,1,0,1,0.82,0.49,24.56,16,5,0.0637,8.7864,0.7,1
user_1742_1,986,552,918,898,1,1,0,0,22.47,4.0,2.33,3,1,0.6007,49.4793,0.8,0
user_1743_0,271,208,259,740,1,1,0,1,20.45,1.84,0.98,82,0,0.8,85.4364,1.8,0
user_1744_3,321,15,1526,2,1,0,0,0,0.0,0.0,0.0,0,3,0.0098,0.0,0.5,1
user_1745_0,3983,22069,932,3475,1,1,1,1,1210.37,160.46,7.54,137,0,23.6538,241.1071,1.8,0
user_1746_0,1498,41791,90,8340,1,1,0,1,537.71,344.84,1.69,83,0,459.2418,244.9376,1.8,0
user_1747_5,207,4,444,2,0,0,0,0,0.0,0.0,0.0,0,5,0.009,0.0,0.2,1
user_1748_4,34,8037,4806,16,1,1,0,0,2.55,0.07,0.41,17,4,1.6719,0.0054,0.8,1
user_1749_0,2602,618,603,792,1,1,0,1,19.5,1.8,1.6,116,0,1.0232,29.5561,1.8,0
user_1750_4,45,45245,4739,39,1,0,0,0,1.38,0.01,0.16,0,4,9.5454,0.0012,0.5,1
user_1751_0,689,799,850,216,1,1,0,1,16.58,1.08,1.96,50,0,0.9389,5.0598,1.8,0
user_1752_0,293,877,348,2608,1,1,0,1,7.22,5.78,1.66,117,0,2.5129,55.7839,1.8,0
user_1753_3,34,23825,5133,7,1,1,0,0,4.08,0.63,0.31,20,3,4.6406,0.0016,0.8,1
user_1754_3,64,20975,4014,24,0,0,0,0,1.85,0.75,0.41,0,3,5.2242,0.0038,0.2,1
user_1755_3,351,18,1442,0,0,0,0,0,0.0,0.0,0.0,0,3,0.0125,0.0,0.2,1
user_1756_2,1127,1321,335,608,1,1,0,0,16.58,5.52,0.26,53,2,3.9315,12.7027,1.6,0
user_1757_5,144,5,807,1,0,0,0,0,0.0,0.0,0.0,0,5,0.0062,0.0,0.2,1
user_1758_5,15,251,3969,1822,1,1,0,0,0.64,0.4,20.8,28,5,0.0632,10.4114,0.8,1
user_1759_4,68,3389,3723,10,1,0,0,1,4.85,0.57,0.45,0,4,0.91,0.0177,0.7,1
user_1760_0,2813,41873,841,2563,1,1,1,1,1262.38,589.76,7.56,124,0,49.7304,149.4624,1.8,0
user_1761_2,676,1559,164,2078,1,1,0,0,21.85,3.53,0.31,40,2,9.4485,38.5096,1.6,0
user_1762_0,1240,92,726,151,1,1,0,0,23.04,3.14,0.29,80,0,0.1265,47.6056,1.6,0
user_1763_2,68,20789,4451,41,0,1,0,0,4.26,0.36,0.33,14,2,4.6696,0.0098,0.5,1
user_1764_1,229,548,2359,927,1,1,0,1,14.33,4.66,0.11,36,1,0.2322,39.9336,1.8,0
user_1765_7,11,40,3233,1979,0,1,0,0,0.49,0.02,93.77,10,7,0.0124,25.5822,0.5,1
user_1766_0,1532,113158,972,2649,1,1,1,1,881.04,93.31,7.33,129,0,116.298,24.9934,1.8,0
user_1767_0,140,655,468,255,1,1,0,1,7.8,4.52,0.64,49,0,1.3966,6.546,1.8,0
user_1768_5,77,127,3958,1728,1,0,0,0,0.73,0.28,108.6,0,5,0.0321,17.415,0.5,1
user_1769_1,808,266,790,1176,1,1,0,1,8.61,7.06,1.52,81,1,0.3363,100.1142,1.8,0
user_1770_0,405,1319,1213,1423,1,1,0,1,17.53,1.25,1.52,67,0,1.0865,21.5929,1.8,0
user_1771_0,2495,1122,677,765,1,1,0,1,22.24,3.26,1.79,0,0,1.6549,19.5916,1.0,0
user_1772_0,626,254,945,1080,1,1,0,1,21.78,3.94,1.81,100,0,0.2685,125.6188,1.8,0
user_1773_0,537,320,1103,1024,1,1,0,1,15.52,3.88,2.17,67,0,0.2899,74.2639,1.8,0
user_1774_2,2060,106,514,609,1,1,0,1,9.44,0.42,1.58,46,2,0.2058,58.5095,1.8,0
user_1775_5,62,18605,5260,47,1,0,0,0,2.62,0.31,0.37,0,5,3.5364,0.0082,0.5,1
user_1776_7,89,89,4562,3010,0,1,0,0,1.18,0.43,45.69,21,7,0.0195,68.2267,0.5,1
user_1777_1,144,1939,1473,786,1,1,0,0,24.21,4.53,1.06,93,1,1.3155,13.4795,1.6,0
user_1778_0,433,559,203,809,1,1,0,1,23.43,2.08,0.15,55,0,2.7402,39.8577,1.8,0
user_1779_5,77,16,3633,1017,0,1,0,0,1.41,0.14,84.59,21,5,0.0044,101.1018,0.5,1
user_1780_0,1560,2110,711,93,1,0,0,1,19.15,4.16,2.36,0,0,2.9635,1.2102,0.7,0
user_1781_4,117,18413,5381,49,0,1,0,0,3.38,0.61,0.12,16,4,3.4212,0.0122,0.5,1
user_1782_0,366,1116,487,89,1,1,0,1,18.37,3.64,0.65,63,0,2.2869,2.0437,1.8,0
user_1783_8,61,22,4428,672,0,1,0,0,0.66,0.05,57.15,24,8,0.005,22.2052,0.5,1
user_1784_0,1161,70638,713,6147,1,1,0,1,1385.77,91.68,4.57,104,0,98.9328,136.5456,1.8,0
user_1785_0,3006,41040,520,2103,1,1,0,1,865.88,91.81,6.41,66,0,78.7716,53.7779,1.8,0
user_1786_0,1649,481,785,855,1,0,0,1,10.41,1.62,0.83,0,0,0.612,24.2132,0.7,0
user_1787_0,2056,122647,482,4319,1,1,0,1,394.87,63.57,4.94,88,0,253.9275,18.3824,1.8,0
user_1788_3,100,24491,4011,16,0,1,0,0,4.46,0.2,0.48,20,3,6.1044,0.0032,0.5,1
user_1789_6,54,102,3438,2723,0,0,0,0,0.2,0.53,37.48,0,6,0.0297,33.3105,0.2,1
user_1790_0,756,854,302,1186,1,1,0,0,19.05,4.64,1.49,61,0,2.8185,39.2975,1.6,0
user_1791_1,1570,804,466,786,1,1,0,0,15.74,5.6,1.06,55,1,1.7216,26.3041,1.6,0
user_1792_1,2542,258,441,543,0,1,0,1,19.09,3.96,1.52,55,1,0.5837,56.6271,1.5,0
user_1793_0,343,1589,668,660,1,1,0,1,17.21,5.15,1.89,26,0,2.3752,11.4192,1.0,0
user_1794_0,2190,56452,743,1721,1,1,0,1,2241.42,1188.61,3.85,129,0,75.8763,140.8017,1.8,0
user_1795_0,268,1335,1442,1165,1,1,0,1,26.59,5.84,1.52,58,0,0.9252,33.3717,1.8,0
user_1796_4,68,10628,4393,8,0,1,0,0,4.66,0.38,0.39,25,4,2.4188,0.0041,0.5,1
user_1797_2,2396,293,389,1407,0,1,0,1,17.77,4.29,2.06,17,2,0.7513,126.1036,0.7,0
user_1798_7,71,95,3407,606,0,0,0,1,1.34,0.33,16.86,0,7,0.0279,12.625,0.4,1
user_1799_0,898,4147,608,668,1,1,0,0,19.7,2.1,0.91,62,0,6.8095,3.8489,1.6,0
user_1800_3,37,32235,4518,7,0,1,0,0,3.66,0.18,0.32,31,3,7.1332,0.0009,1.3,1
user_1801_8,56,122,3451,1819,0,0,0,0,0.6,0.61,65.67,0,8,0.0353,26.9153,0.2,1
user_1802_1,549,745,1341,396,1,1,0,1,14.34,1.57,0.9,67,1,0.5551,9.2789,1.8,0
user_1803_1,1197,435,246,524,1,0,0,0,30.26,4.34,0.37,0,1,1.7611,46.7994,0.5,0
user_1804_3,87,56316,4362,43,1,1,0,1,3.69,0.83,0.1,34,3,12.9076,0.0041,1.8,1
user_1805_0,1161,45587,510,3285,1,1,0,1,1745.42,458.15,5.75,123,0,89.2114,191.7994,1.8,0
user_1806_2,74,32591,4432,43,1,0,0,1,2.44,0.81,0.17,0,2,7.3519,0.0054,0.7,1
user_1807_0,626,80197,834,2525,1,1,0,1,2025.11,81.1,5.53,75,0,96.0443,68.8665,1.8,0
user_1808_3,439,16,307,1,1,0,0,0,0.0,0.0,0.0,0,3,0.0519,0.0,0.5,1
user_1809_3,84,11021,4348,45,1,0,0,1,4.09,0.51,0.11,0,3,2.5341,0.0209,0.7,1
user_1810_3,55,30161,5497,47,1,0,0,1,2.08,0.17,0.07,0,3,5.4858,0.0038,0.7,1
user_1811_4,219,4,1942,2,1,0,0,0,0.0,0.0,0.0,0,4,0.0021,0.0,0.5,1
user_1812_0,2118,708,220,79,1,1,0,1,16.43,1.48,1.57,26,0,3.2036,2.1605,1.0,0
user_1813_0,1114,224083,722,5836,1,1,0,1,326.66,148.63,3.82,131,0,309.935,16.2493,1.8,0
user_1814_0,273,134,778,755,1,1,1,1,22.98,4.8,0.95,95,0,0.172,182.2067,1.8,0
user_1815_1,448,763,659,593,1,1,0,0,14.07,2.25,1.31,47,1,1.1561,14.4136,1.6,0
user_1816_2,967,607,1351,903,1,1,0,1,10.17,3.48,0.93,74,2,0.449,25.4414,1.8,0
user_1817_5,287,11,1726,0,0,0,0,0,0.0,0.0,0.0,0,5,0.0064,0.0,0.2,1
user_1818_0,532,290,230,1223,1,1,0,1,7.75,2.75,1.89,41,0,1.2554,55.6864,1.8,0
user_1819_0,1215,71649,1002,6430,1,1,0,1,666.92,184.06,3.15,135,0,71.4347,92.8864,1.8,0
user_1820_3,507,3,110,1,1,0,0,0,0.0,0.0,0.0,0,3,0.027,0.0,0.5,1
user_1821_0,2842,76732,657,1522,1,1,1,1,2392.53,641.21,4.56,96,0,116.614,72.8927,1.8,0
user_1822_3,41,11477,4668,33,1,0,0,0,0.6,0.01,0.1,0,3,2.4581,0.0018,0.5,1
user_1823_0,3581,358,405,244,1,1,0,1,26.24,3.94,1.13,90,0,0.8818,23.1902,1.8,0
user_1824_6,5,297,2140,1370,1,0,0,0,0.2,0.32,33.6,0,6,0.1387,3.8617,0.5,1
user_1825_0,4109,453,398,184,1,1,0,1,20.9,4.65,0.8,78,0,1.1353,12.2396,1.8,0
user_1826_4,182,0,962,1,0,0,0,0,0.0,0.0,0.0,0,4,0.0,0.0,0.2,1
user_1827_0,626,54420,740,3394,1,1,0,1,1280.66,584.5,5.69,122,0,73.4413,152.7746,1.8,0
user_1828_7,69,173,1920,1618,0,1,0,1,1.37,0.01,99.96,28,7,0.0901,12.9254,0.7,1
user_1829_0,187,495,1311,1440,1,1,0,1,5.99,3.44,0.62,94,0,0.3773,37.3645,1.8,0
user_1830_2,1133,510,386,1945,1,1,0,0,10.32,2.05,0.26,74,2,1.3178,54.8863,1.6,0
user_1831_5,58,21146,4887,26,1,0,0,1,3.21,0.2,0.46,0,5,4.3261,0.0044,0.7,1
user_1832_3,537,19,564,1,0,0,0,0,0.0,0.0,0.0,0,3,0.0336,0.0,0.2,1
user_1833_0,3226,1015,529,500,1,0,0,0,22.26,2.36,1.1,0,0,1.9151,13.2776,0.5,0
user_1834_0,614,16902,967,2558,1,1,1,1,687.9,119.52,4.84,127,0,17.4607,140.2776,1.8,0
user_1835_5,62,286,3288,5002,1,1,0,0,0.29,0.44,62.57,26,5,0.087,20.3914,0.8,1
user_1836_0,1234,899,246,160,1,1,0,1,12.46,2.63,0.11,40,0,3.6397,3.1502,1.8,0
user_1837_2,43,5889,4539,39,1,0,0,0,4.82,0.04,0.49,0,2,1.2971,0.0324,0.5,1
user_1838_7,31,282,2609,2224,0,0,0,1,0.79,0.74,60.02,0,7,0.108,17.8392,0.4,1
user_1839_0,5150,170737,1025,2658,1,1,0,1,1374.73,58.86,6.86,138,0,166.4103,23.234,1.8,0
user_1840_6,87,137,1711,2865,1,0,0,0,0.75,0.27,94.49,0,6,0.08,26.7815,0.5,1
user_1841_6,51,79,4478,1729,0,1,0,0,1.27,0.36,91.28,7,6,0.0176,43.0089,0.5,1
user_1842_6,504,3,627,1,0,0,0,0,0.0,0.0,0.0,0,6,0.0048,0.0,0.2,1
user_1843_6,48,245,3029,364,1,1,0,1,0.87,0.52,112.71,15,6,0.0809,2.8262,1.0,1
user_1844_3,531,6,981,2,0,0,0,0,0.0,0.0,0.0,0,3,0.0061,0.0,0.2,1
user_1845_0,2998,20496,242,2540,1,1,1,1,1378.88,53.28,2.48,110,0,84.3457,184.0766,1.8,0
user_1846_0,392,1233,1767,314,1,1,0,0,11.44,4.24,1.68,79,0,0.6974,5.0688,1.6,0
user_1847_1,3227,388,1014,413,1,1,0,1,4.21,6.32,1.99,61,1,0.3823,17.8896,1.8,0
user_1848_0,603,811,568,488,1,1,0,0,34.07,5.94,1.56,47,0,1.4253,27.6153,1.6,0
user_1849_6,56,288,3845,485,0,1,0,0,0.02,0.1,41.42,15,6,0.0749,0.3692,0.5,1
user_1850_0,1015,166,892,269,1,1,0,0,15.29,5.51,1.91,72,0,0.1859,42.3796,1.6,0
user_1851_0,483,563,564,538,1,1,0,1,13.59,5.21,1.32,103,0,0.9965,22.9032,1.8,0
user_1852_2,39,45519,3654,25,1,0,0,0,3.56,0.32,0.41,0,2,12.4539,0.0023,0.5,1
user_1853_7,10,13,4643,1841,0,0,0,0,0.76,0.79,118.24,0,7,0.0028,307.71,0.2,1
user_1854_0,1310,67360,1038,2708,1,1,0,1,461.55,206.02,6.49,96,0,64.8316,35.1195,1.8,0
user_1855_0,990,14297,289,3825,1,1,1,1,341.61,99.6,4.31,104,0,49.3,144.6775,1.8,0
user_1856_6,151,1,1725,0,1,0,0,0,0.0,0.0,0.0,0,6,0.0006,0.0,0.5,1
user_1857_1,208,1015,550,727,1,1,0,0,28.8,8.42,2.08,63,1,1.8421,32.6578,1.6,0
user_1858_0,1319,769,497,507,1,0,0,1,9.78,0.3,1.88,0,0,1.5442,6.8346,0.7,0
user_1859_5,55,13035,3665,39,1,0,0,0,0.55,0.43,0.23,0,5,3.5556,0.0042,0.5,1
user_1860_0,855,120925,602,9800,1,1,0,1,3663.69,262.6,3.41,105,0,200.539,339.4731,1.8,0
user_1861_3,110,7802,4793,12,1,1,0,1,2.08,0.31,0.36,16,3,1.6275,0.0042,1.0,1
user_1862_0,126,636,737,653,1,1,0,0,18.82,3.55,2.22,61,0,0.8618,26.5711,1.6,0
user_1863_0,675,807,723,311,1,1,0,0,22.46,1.32,2.15,44,0,1.1146,9.661,1.6,0
user_1864_1,1453,249,495,249,1,0,0,0,14.34,5.59,0.78,0,1,0.502,25.4179,0.5,0
user_1865_1,524,198,276,766,1,1,0,1,15.59,0.0,0.59,47,1,0.7148,60.0097,1.8,0
user_1866_0,4318,25109,919,3446,1,1,1,1,2308.7,151.62,5.2,112,0,27.2924,358.4526,1.8,0
user_1867_2,1209,239,341,1208,1,1,0,0,20.68,6.35,0.98,74,2,0.6988,168.0127,1.6,0
user_1868_0,695,41364,1080,4075,1,1,1,1,573.3,299.56,7.9,78,0,38.2646,115.4989,1.8,0
user_1869_6,341,6,444,1,1,1,0,0,0.0,0.0,0.0,0,6,0.0135,0.0,0.8,1
user_1870_6,215,2,111,0,0,1,0,0,0.0,0.0,0.0,0,6,0.0179,0.0,0.5,1
user_1871_0,1795,832,288,476,1,1,0,1,9.85,1.87,0.62,68,0,2.8789,7.7657,1.8,0
user_1872_7,62,94,2656,2388,0,0,0,0,0.41,0.07,102.16,0,7,0.0354,13.8253,0.2,1
user_1873_0,173,263,375,213,1,1,0,0,30.45,3.99,2.12,78,0,0.6995,31.006,1.6,0
user_1874_3,432,19,482,2,0,0,0,0,0.0,0.0,0.0,0,3,0.0393,0.0,0.2,1
user_1875_0,701,270,62,429,1,1,0,1,19.09,1.1,0.56,76,0,4.2857,33.7026,1.8,0
user_1876_0,420,756,219,516,1,1,0,0,16.27,3.95,1.73,43,0,3.4364,16.4752,1.6,0
user_1877_7,46,48,2512,2271,1,0,0,0,0.96,0.71,76.53,0,7,0.0191,110.3057,0.5,1
user_1878_0,1027,534,925,750,1,1,0,0,12.78,0.06,0.18,91,0,0.5767,18.0841,1.6,0
user_1879_0,205,1002,783,1086,1,1,0,0,12.22,1.98,0.18,61,0,1.2781,17.5189,1.6,0
user_1880_0,1464,50783,742,1186,1,1,0,1,2262.27,189.99,5.23,103,0,68.3486,61.7066,1.8,0
user_1881_1,362,913,645,1115,1,1,0,1,9.43,1.93,0.96,68,1,1.4133,16.2126,1.8,0
user_1882_0,535,13317,1044,7243,1,1,1,1,2197.09,172.71,6.22,116,0,12.7435,1382.7452,1.8,0
user_1883_0,1861,82195,448,2688,1,1,1,1,3187.36,165.47,2.26,102,0,183.0624,115.0566,1.8,0
user_1884_0,332,142,546,577,1,1,0,1,26.01,2.59,1.92,48,0,0.2596,125.8506,1.8,0
user_1885_0,819,505,1161,362,1,1,0,1,7.47,2.57,1.35,70,0,0.4346,9.0214,1.8,0
user_1886_2,59,16430,4827,38,1,1,0,1,3.27,0.15,0.43,38,2,3.4031,0.0083,1.8,1
user_1887_0,859,80227,589,3937,1,1,0,1,2114.99,192.65,3.3,103,0,135.978,122.6958,1.8,0
user_1888_5,72,4953,4343,10,0,1,0,1,0.76,0.56,0.09,37,5,1.1402,0.0038,1.5,1
user_1889_3,112,28026,4630,18,0,0,0,1,1.28,0.26,0.26,0,3,6.0518,0.0012,0.4,1
user_1890_2,111,23680,5117,34,1,1,0,0,4.53,0.25,0.09,32,2,4.6268,0.0072,1.6,1
user_1891_0,142,545,456,499,1,1,0,1,26.58,7.2,1.93,32,0,1.1926,37.4524,1.8,0
user_1892_4,113,8330,5180,32,0,0,0,0,2.39,0.18,0.47,0,4,1.6078,0.0106,0.2,1
user_1893_0,1867,123788,535,2565,1,1,1,1,244.31,1074.08,4.18,98,0,230.9478,49.5738,1.8,0
user_1894_0,397,883,356,2388,1,0,0,0,16.23,4.39,0.67,0,0,2.4734,67.561,0.5,0
user_1895_0,1589,26938,930,1287,1,1,0,1,327.97,432.86,7.73,124,0,28.9345,57.0281,1.8,0
user_1896_0,1362,17940,458,3442,1,1,1,1,461.34,401.58,1.16,92,0,39.085,242.5957,1.8,0
user_1897_2,272,518,129,386,1,1,0,1,6.66,8.02,0.46,21,2,3.9846,16.8829,1.0,0
user_1898_6,12,159,2287,1157,1,0,0,0,0.31,0.64,80.57,0,6,0.0695,11.4977,0.5,1
user_1899_0,445,473,63,980,1,1,0,1,23.12,4.21,0.99,114,0,7.3906,65.2093,1.8,0
user_1900_0,775,80354,483,3576,1,1,0,1,305.22,143.71,3.18,137,0,166.0207,26.374,1.8,0
user_1901_5,491,13,1083,2,0,0,0,0,0.0,0.0,0.0,0,5,0.012,0.0,0.2,1
user_1902_0,664,1568,1679,756,1,1,0,1,25.75,6.53,0.23,27,0,0.9333,18.7,1.0,0
user_1903_7,23,133,4788,1219,0,0,0,0,0.95,0.64,62.47,0,7,0.0278,20.2863,0.2,1
user_1904_0,995,63640,937,7092,1,1,0,1,603.07,123.04,5.71,92,0,67.8465,94.6272,1.8,0
user_1905_0,791,117911,468,2987,1,1,1,1,614.93,176.51,5.95,93,0,251.4094,24.5205,1.8,0
user_1906_3,546,6,1996,3,0,1,0,0,0.0,0.0,0.0,0,3,0.003,0.0,0.5,1
user_1907_0,170,463,155,697,1,1,1,1,5.15,4.56,0.54,45,0,2.9679,21.4358,1.8,0
user_1908_0,2149,1001,445,486,1,0,0,0,17.74,3.82,2.18,0,0,2.2444,12.3101,0.5,0
user_1909_0,3049,813,484,983,1,1,0,0,33.75,5.38,1.87,90,0,1.6763,53.751,1.6,0
user_1910_0,5036,53628,920,4150,1,1,0,1,469.05,91.45,2.78,148,0,58.228,50.4502,1.8,0
user_1911_0,477,319,475,60,1,1,0,1,30.6,2.99,1.65,94,0,0.6702,6.8587,1.8,0
user_1912_3,118,13956,4422,49,1,0,0,1,1.74,0.03,0.42,0,3,3.1553,0.0063,0.7,1
user_1913_5,29,66,4908,997,1,1,0,0,1.37,0.54,57.39,26,5,0.0134,36.4575,0.8,1
user_1914_0,4108,59094,1014,4101,1,1,1,1,582.47,86.48,4.39,131,0,58.2207,52.4244,1.8,0
user_1915_8,24,11,2700,7038,1,0,0,0,0.53,0.14,26.16,0,8,0.0041,475.065,0.5,1
user_1916_6,182,1,726,2,0,0,0,0,0.0,0.0,0.0,0,6,0.0014,0.0,0.2,1
user_1917_0,1310,1133,1300,762,1,1,0,0,5.8,4.64,0.59,66,0,0.8709,10.1331,1.6,0
user_1918_1,174,302,589,2068,1,1,0,1,22.49,1.95,0.37,59,1,0.5119,180.1139,1.8,0
user_1919_3,405,14,1547,2,0,0,0,0,0.0,0.0,0.0,0,3,0.009,0.0,0.2,1
user_1920_1,341,688,217,545,1,1,0,1,12.79,0.0,1.03,95,1,3.156,10.1169,1.8,0
user_1921_0,1180,445,1373,654,1,1,0,1,17.37,2.24,1.47,59,0,0.3239,32.0401,1.8,0
user_1922_7,89,157,2708,511,0,0,0,0,1.24,0.4,111.23,0,7,0.058,6.5977,0.2,1
user_1923_6,17,258,3863,473,0,1,0,0,0.69,0.25,84.83,25,6,0.0668,2.1732,0.5,1
user_1924_0,5315,86604,757,4977,1,1,1,1,1710.93,68.97,2.89,108,0,114.2533,106.2505,1.8,0
user_1925_7,7,205,4763,640,1,1,0,1,0.35,0.08,30.57,22,7,0.043,1.5845,1.0,1
user_1926_2,50,5790,4208,31,1,1,0,0,2.02,0.29,0.15,17,2,1.3756,0.0139,0.8,1
user_1927_0,149,941,303,1057,1,1,0,1,31.15,2.51,0.51,41,0,3.0954,40.5857,1.8,0
user_1928_7,31,166,3918,1194,1,1,0,0,0.93,0.19,73.54,28,7,0.0424,9.3661,0.8,1
user_1929_0,913,23355,497,3307,1,1,0,1,669.61,102.09,7.8,92,0,46.8976,123.7208,1.8,0
user_1930_0,701,1439,1195,759,1,1,0,1,14.87,0.0,0.55,65,0,1.2032,7.8377,1.8,0
user_1931_0,642,2388,1637,1095,1,1,0,1,9.81,1.1,2.41,50,0,1.4579,5.5048,1.8,0
user_1932_6,40,225,4497,842,0,0,0,1,0.07,0.25,86.34,0,6,0.05,2.1236,0.4,1
user_1933_0,1431,21006,516,3281,1,1,0,1,2628.39,298.38,1.14,53,0,40.6306,503.7234,1.8,0
user_1934_5,8,299,4554,805,0,0,0,0,0.56,0.25,80.22,0,5,0.0656,2.8443,0.2,1
user_1935_7,74,148,4484,667,0,1,0,0,0.85,0.72,116.84,20,7,0.033,10.2512,0.5,1
user_1936_0,260,442,1473,237,1,0,0,0,21.3,3.89,1.25,0,0,0.2999,15.5575,0.5,0
user_1937_2,3662,223,374,72,1,1,0,1,15.77,2.76,0.19,44,2,0.5947,6.8432,1.8,0
user_1938_5,69,280,2270,3720,1,1,0,1,0.52,0.62,42.56,13,5,0.1233,23.2996,1.0,1
user_1939_4,245,10,843,0,0,0,0,0,0.0,0.0,0.0,0,4,0.0118,0.0,0.2,1
user_1940_5,42,119,4117,4981,1,0,0,1,0.58,0.46,102.3,0,5,0.0289,62.2625,0.7,1
user_1941_5,55,269,2101,1191,1,0,0,0,1.49,0.22,117.43,0,5,0.128,8.5134,0.5,1
user_1942_0,1238,599,985,2970,1,1,0,0,15.16,0.0,0.16,71,0,0.6075,75.042,1.6,0
user_1943_5,64,12,3658,296,1,1,0,0,1.02,0.19,60.95,26,5,0.0033,31.8769,0.8,1
user_1944_0,591,401,838,593,1,1,0,0,18.72,5.01,2.01,88,0,0.4779,42.3951,1.6,0
user_1945_3,473,14,188,2,1,0,0,0,0.0,0.0,0.0,0,3,0.0741,0.0,0.5,1
user_1946_0,371,150,362,515,1,1,0,1,4.7,0.51,0.83,24,0,0.4132,19.5086,1.0,0
user_1947_5,75,98,3141,4240,0,1,0,0,1.02,0.47,73.06,26,5,0.0312,83.9434,0.5,1
user_1948_0,738,523,826,425,1,0,0,0,27.42,0.15,1.43,0,0,0.6324,22.4828,0.5,0
user_1949_0,808,40429,813,4586,1,1,1,1,653.46,204.4,7.78,91,0,49.6671,120.4928,1.8,0
user_1950_0,302,861,389,177,1,1,0,0,13.85,2.42,1.23,55,0,2.2077,3.8377,1.6,0
user_1951_1,1040,630,1401,88,1,1,0,0,15.54,3.4,0.18,17,1,0.4494,3.1156,0.8,0
user_1952_4,62,10862,4419,27,0,1,0,1,1.32,0.12,0.11,29,4,2.4575,0.0039,0.7,1
user_1953_7,68,140,3644,2431,1,0,0,0,0.84,0.52,79.35,0,7,0.0384,32.4133,0.5,1
user_1954_4,69,20175,3713,5,1,1,0,1,2.13,0.39,0.14,12,4,5.4321,0.0007,1.0,1
user_1955_1,871,505,1071,645,1,1,0,0,15.93,2.51,2.43,13,1,0.4711,26.705,0.8,0
user_1956_0,954,151697,1084,3502,1,1,1,1,437.2,252.87,7.89,114,0,139.8129,21.7681,1.8,0
user_1957_0,1385,410,535,382,1,1,0,1,19.81,5.5,1.3,86,0,0.7649,28.6361,1.8,0
user_1958_0,776,474,1252,594,1,1,0,0,16.18,6.79,0.63,59,0,0.3783,37.2157,1.6,0
user_1959_3,577,19,1634,1,0,1,0,0,0.0,0.0,0.0,0,3,0.0116,0.0,0.5,1
user_1960_0,2628,1000,966,518,1,0,0,1,20.79,2.94,2.48,0,0,1.0341,13.8013,0.7,0
user_1961_6,23,32,2469,672,0,0,0,0,0.49,0.66,34.31,0,6,0.013,36.8582,0.2,1
user_1962_1,645,392,272,675,1,1,0,1,20.15,3.93,2.35,100,1,1.4359,48.1088,1.8,0
user_1963_4,119,3206,3525,20,1,0,0,0,3.69,0.08,0.38,0,4,0.9092,0.024,0.5,1
user_1964_0,353,1452,834,730,1,1,0,1,21.79,6.35,0.41,61,0,1.7389,17.3281,1.8,0
user_1965_0,395,737,442,872,1,1,0,0,8.33,2.41,2.44,47,0,1.6637,15.5377,1.6,0
user_1966_4,40,13113,3310,11,1,1,0,0,3.31,0.96,0.42,23,4,3.9604,0.0044,0.8,1
user_1967_0,694,360,446,243,1,1,0,0,19.99,3.59,0.33,82,0,0.8054,18.2889,1.6,0
user_1968_6,49,128,2583,805,0,1,0,1,1.0,0.64,42.0,20,6,0.0495,14.2279,0.7,1
user_1969_6,31,196,4587,1128,0,0,0,0,1.01,0.76,65.99,0,6,0.0427,14.4865,0.2,1
user_1970_3,25,7385,4300,46,1,0,0,0,3.57,0.76,0.43,0,3,1.717,0.0317,0.5,1
user_1971_3,376,13,1233,3,1,0,0,0,0.0,0.0,0.0,0,3,0.0105,0.0,0.5,1
user_1972_2,1464,1276,703,498,1,1,0,1,22.3,5.03,1.87,80,2,1.8125,12.6196,1.8,0
user_1973_0,728,12449,621,2534,1,1,0,1,247.65,49.16,6.82,74,0,20.0145,70.4167,1.8,0
user_1974_5,10,294,3657,505,1,1,0,0,1.29,0.12,44.28,7,5,0.0804,2.6192,0.8,1
user_1975_2,2117,1306,1101,477,1,1,0,1,19.8,5.03,2.41,88,2,1.1851,10.8976,1.8,0
user_1976_5,49,69,3408,2999,1,1,0,0,0.9,0.27,15.97,10,5,0.0202,61.6937,0.8,1
user_1977_5,26,92,4859,1053,0,0,0,0,0.15,0.06,77.29,0,5,0.0189,3.0571,0.2,1
user_1978_2,1704,1079,485,600,1,1,0,1,18.82,6.39,1.3,23,2,2.2202,17.5556,1.0,0
user_1979_6,82,83,4203,717,0,1,0,0,1.45,0.12,101.04,11,6,0.0197,14.4254,0.5,1
user_1980_0,824,1446,193,598,1,1,0,1,10.95,2.1,1.36,24,0,7.4536,6.261,1.0,0
user_1981_1,252,384,619,244,1,1,0,1,30.5,2.79,2.46,95,1,0.6194,22.8663,1.8,0
user_1982_5,357,9,1535,2,1,1,0,0,0.0,0.0,0.0,0,5,0.0059,0.0,0.8,1
user_1983_6,22,168,2129,953,1,0,0,0,0.89,0.1,49.23,0,6,0.0789,6.1466,0.5,1
user_1984_0,1410,550,179,703,1,1,1,1,14.94,4.48,2.44,107,0,3.0556,30.4931,1.8,0
user_1985_7,64,223,2516,823,1,0,0,0,0.37,0.65,26.6,0,7,0.0886,6.1358,0.5,1
user_1986_4,34,14714,4020,20,0,1,0,0,3.48,0.37,0.34,20,4,3.6593,0.0057,0.5,1
user_1987_6,63,43,3799,756,0,0,0,0,0.7,0.56,47.43,0,6,0.0113,31.2709,0.2,1
user_1988_0,1048,245,1248,300,1,1,0,0,17.14,3.27,1.63,58,0,0.1962,28.878,1.6,0
user_1989_6,75,265,3623,4042,0,0,0,0,1.07,0.06,67.12,0,6,0.0731,18.0826,0.2,1
user_1990_1,1754,1211,1171,403,1,1,0,0,11.98,3.81,0.72,57,1,1.0333,6.5172,1.6,0
user_1991_0,780,396,751,665,1,0,0,1,21.6,2.32,1.84,0,0,0.5266,43.9537,0.7,0
user_1992_0,3130,82771,949,4059,1,1,1,1,2600.12,690.95,1.17,122,0,87.1274,195.2716,1.8,0
user_1993_0,221,476,377,403,1,1,0,1,28.27,9.21,0.12,72,0,1.2593,39.4467,1.8,0
user_1994_7,83,293,4786,734,1,0,0,1,1.33,0.68,60.5,0,7,0.0612,6.7159,0.7,1
user_1995_0,152,405,1229,646,1,1,0,0,27.9,2.98,1.24,78,0,0.3293,53.8758,1.6,0
user_1996_6,130,17,678,0,0,0,0,0,0.0,0.0,0.0,0,6,0.025,0.0,0.2,1
user_1997_0,291,1053,521,200,1,1,0,1,32.96,2.5,0.27,74,0,2.0172,7.203,1.8,0
user_1998_4,6,73,1727,3130,1,1,0,0,0.75,0.56,31.32,21,4,0.0422,79.0959,0.8,1
user_1999_0,636,882,429,523,1,1,0,1,23.89,5.35,0.4,66,0,2.0512,20.4876,1.8,0
user_2000_4,543,8,806,1,0,0,0,0,0.0,0.0,0.0,0,4,0.0099,0.0,0.2,1
user_2001_0,216,548,629,705,1,1,0,1,16.02,1.24,0.55,42,0,0.8698,23.7568,1.8,0
user_2002_1,466,494,665,663,1,1,0,1,20.19,3.46,1.95,74,1,0.7417,36.311,1.8,0
user_2003_0,3596,97159,1007,3989,1,1,0,1,3492.2,260.55,3.09,128,0,96.3879,164.77,1.8,0
user_2004_1,1535,828,720,724,1,0,0,0,36.52,3.34,0.25,0,1,1.1484,37.7283,0.5,0
user_2005_0,535,12067,645,5713,1,1,1,1,2130.3,275.73,2.57,119,0,18.6796,1269.5471,1.8,0
user_2006_2,80,22869,4671,13,1,1,0,1,0.95,0.38,0.4,31,2,4.8949,0.001,1.8,1
user_2007_0,610,284309,826,5981,1,1,1,1,699.2,137.36,3.97,92,0,343.7836,20.4883,1.8,0
user_2008_1,1542,261,130,1036,1,1,1,0,18.45,1.13,0.37,52,1,1.9924,81.8915,1.6,0
user_2009_7,87,234,2351,181,1,0,0,0,1.36,0.47,37.56,0,7,0.0995,1.7715,0.5,1
user_2010_3,143,17,841,1,1,0,0,0,0.0,0.0,0.0,0,3,0.0202,0.0,0.5,1
user_2011_1,311,688,288,607,1,1,0,1,12.27,1.88,0.27,82,1,2.3806,14.1222,1.8,0
user_2012_0,1282,116,312,454,1,1,0,1,18.21,3.04,1.05,56,0,0.3706,94.2535,1.8,0
user_2013_0,1264,166473,1226,2662,1,1,1,1,480.84,211.31,3.43,76,0,135.6748,14.4468,1.8,0
user_2014_6,43,161,4938,223,0,1,0,0,0.92,0.19,106.08,13,6,0.0326,1.7895,0.5,1
user_2015_4,34,8029,3895,23,1,1,0,1,3.05,0.65,0.19,13,4,2.0608,0.0125,1.0,1
user_2016_6,26,128,3244,1624,1,0,0,1,0.09,0.37,101.91,0,6,0.0394,10.449,0.7,1
user_2017_0,3481,759,699,713,1,1,1,1,23.57,2.75,1.26,52,0,1.0843,27.2722,1.8,0
user_2018_0,1151,85555,905,1619,1,1,1,1,6500.28,467.51,4.89,135,0,94.4316,140.7003,1.8,0
user_2019_3,594,7,1982,2,0,0,0,0,0.0,0.0,0.0,0,3,0.0035,0.0,0.2,1
user_2020_0,1288,607,806,1571,1,1,0,1,26.07,3.69,0.7,97,0,0.7522,86.4308,1.8,0
user_2021_7,34,117,4610,1348,1,0,0,0,0.98,0.1,107.32,0,7,0.0254,13.48,0.5,1
user_2022_1,1067,415,345,347,1,1,0,1,28.22,4.55,0.9,71,1,1.1994,31.1299,1.8,0
user_2023_0,795,49089,1074,6309,1,1,1,1,1560.11,328.43,2.52,91,0,45.6642,284.9229,1.8,0
user_2024_6,520,15,727,0,0,0,0,0,0.0,0.0,0.0,0,6,0.0206,0.0,0.2,1
user_2025_1,764,245,1454,786,1,1,0,1,16.02,3.64,0.15,91,1,0.1684,74.4463,1.8,0
user_2026_0,1366,445,241,1428,1,1,0,0,14.58,2.88,0.59,40,0,1.8388,65.1245,1.6,0
user_2027_6,106,10,1189,0,0,0,0,0,0.0,0.0,0.0,0,6,0.0084,0.0,0.2,1
user_2028_0,875,12882,622,2974,1,1,0,1,1115.26,76.05,7.53,132,0,20.6774,292.5661,1.8,0
user_2029_1,470,171,843,964,0,0,0,1,10.66,5.11,1.52,0,1,0.2026,117.0251,0.4,0
user_2030_0,644,38433,711,8536,1,1,1,1,535.87,95.33,4.69,73,0,53.9789,161.3587,1.8,0
user_2031_0,1195,83896,1527,3814,1,1,0,1,1214.56,578.96,1.12,124,0,54.9058,107.8541,1.8,0
user_2032_0,611,564,1382,1471,1,1,0,1,17.48,4.98,1.39,86,0,0.4078,71.4411,1.8,0
user_2033_3,327,7,1296,2,1,0,0,0,0.0,0.0,0.0,0,3,0.0054,0.0,0.5,1
user_2034_0,285,1649,333,740,1,1,1,0,11.97,4.16,0.67,0,0,4.9371,9.0998,0.8,0
user_2035_0,1210,32528,805,2613,1,1,0,1,641.71,121.65,3.75,110,0,40.3573,71.0914,1.8,0
user_2036_2,81,27425,3947,25,1,1,0,0,3.66,0.43,0.24,32,2,6.9466,0.0041,1.6,1
user_2037_1,323,231,327,430,1,1,0,1,27.76,1.98,1.22,80,1,0.7043,58.7914,1.8,0
user_2038_0,1880,54328,652,4652,1,1,0,1,1606.24,369.16,1.3,93,0,83.1975,200.7564,1.8,0
user_2039_0,555,1829,115,211,1,0,0,1,20.83,0.83,1.22,0,0,15.7672,2.5931,0.7,0
user_2040_6,42,31,4813,5164,1,0,0,0,1.19,0.06,22.2,0,6,0.0064,211.4013,0.5,1
user_2041_0,126,271,457,1089,1,1,0,0,10.76,4.1,1.87,23,0,0.5917,75.9097,0.8,0
user_2042_0,220,402,1187,923,1,1,0,1,19.94,1.37,1.14,61,0,0.3384,51.9445,1.8,0
user_2043_0,1488,30606,973,4004,1,1,1,1,997.18,96.12,1.87,92,0,31.423,155.5996,1.8,0
user_2044_6,124,8,958,0,0,1,0,0,0.0,0.0,0.0,0,6,0.0083,0.0,0.5,1
user_2045_6,33,181,4004,4497,1,1,0,0,0.75,0.61,107.14,7,6,0.0452,48.6763,0.8,1
user_2046_6,41,106,2939,1946,1,0,0,0,0.24,0.03,73.68,0,6,0.0361,5.4561,0.5,1
user_2047_0,1070,476,287,226,1,1,0,1,25.12,4.34,2.35,27,0,1.6528,16.0143,1.0,0
user_2048_5,60,61,1679,2397,0,0,0,1,0.84,0.07,34.49,0,5,0.0363,37.8881,0.4,1
user_2049_0,786,862,1098,639,1,1,0,0,15.65,3.9,2.21,90,0,0.7843,17.3633,1.6,0
user_2050_0,949,219,1185,938,1,1,0,0,21.37,1.47,1.82,37,0,0.1847,103.649,1.6,0
user_2051_0,667,754,514,710,1,1,0,0,15.43,3.42,0.46,60,0,1.4641,20.9426,1.6,0
user_2052_2,18,17424,4347,11,1,1,0,0,3.26,0.03,0.47,25,2,4.0074,0.0021,0.8,1
user_2053_0,183,1710,240,531,1,1,0,0,14.08,4.77,1.2,33,0,7.0954,7.3303,1.6,0
user_2054_2,66,8424,5455,6,1,0,0,0,3.02,0.87,0.45,0,2,1.544,0.0034,0.5,1
user_2055_0,1549,17953,999,4640,1,1,0,1,493.06,478.89,5.69,126,0,17.953,374.9525,1.8,0
user_2056_6,9,183,3491,172,1,1,0,0,0.41,0.51,64.17,26,6,0.0524,1.3367,0.8,1
user_2057_2,3472,479,648,1184,1,1,0,1,13.42,4.19,2.14,48,2,0.7381,53.7733,1.8,0
user_2058_0,680,258,919,394,1,1,0,0,2.6,6.27,0.51,74,0,0.2804,23.0315,1.6,0
user_2059_6,30,285,4000,891,0,0,0,0,0.18,0.14,96.35,0,6,0.0712,1.4331,0.2,1
user_2060_0,1015,825,251,349,1,1,0,1,20.85,7.97,1.14,63,0,3.2738,15.5444,1.8,0
user_2061_5,69,48,1809,4875,1,1,0,0,0.79,0.43,105.37,7,5,0.0265,164.1582,0.8,1
user_2062_0,2910,149748,383,2556,1,1,1,1,448.18,281.68,7.42,91,0,389.9688,17.2655,1.8,0
user_2063_0,631,40607,1152,1124,1,1,0,1,6338.74,236.06,4.32,120,0,35.2186,188.5197,1.8,0
user_2064_0,1404,428,547,452,1,1,0,0,22.37,5.82,1.71,71,0,0.781,35.8334,1.6,0
user_2065_3,46,6024,5105,32,0,0,0,0,3.24,0.36,0.39,0,3,1.1798,0.021,0.2,1
user_2066_0,1127,62573,898,3004,1,1,1,1,3235.39,189.07,4.76,127,0,69.6029,173.4753,1.8,0
user_2067_6,65,299,2719,3679,1,1,0,0,1.18,0.72,37.95,20,6,0.1099,32.1299,0.8,1
user_2068_6,339,4,825,0,1,0,0,0,0.0,0.0,0.0,0,6,0.0048,0.0,0.5,1
user_2069_4,525,1,1987,3,1,0,0,0,0.0,0.0,0.0,0,4,0.0005,0.0,0.5,1
user_2070_2,1576,1261,895,357,1,0,0,0,34.29,5.01,0.5,0,2,1.4074,12.5346,0.5,0
user_2071_0,571,148439,1302,4536,1,1,1,1,240.43,118.12,4.29,114,0,113.921,14.566,1.8,0
user_2072_2,374,455,912,993,1,1,0,1,23.29,3.96,1.02,78,2,0.4984,67.9639,1.8,0
user_2073_1,427,1536,497,680,1,1,0,0,25.77,4.39,1.83,53,1,3.0843,15.2856,1.6,0
user_2074_1,130,891,608,967,1,1,0,1,25.19,2.28,2.31,17,1,1.4631,32.2514,1.0,0
user_2075_0,1884,58752,491,3520,1,1,1,1,546.13,370.95,2.99,105,0,119.4146,77.1682,1.8,0
user_2076_2,416,815,1453,1408,1,1,0,0,24.52,1.42,1.8,82,2,0.5605,47.2094,1.6,0
user_2077_4,79,4071,4292,32,1,1,0,1,2.5,0.06,0.41,11,4,0.9483,0.0206,1.0,1
user_2078_0,1706,1013,2293,897,1,1,0,0,5.83,4.27,2.47,29,0,0.4416,12.7119,0.8,0
user_2079_7,6,207,3417,471,1,0,0,0,1.24,0.51,109.32,0,7,0.0606,5.1176,0.5,1
user_2080_5,76,25,4216,2002,0,0,0,0,1.1,0.44,115.13,0,5,0.0059,152.46,0.2,1
user_2081_2,37,17281,4501,37,1,1,0,1,0.85,0.34,0.36,24,2,3.8385,0.0033,1.0,1
user_2082_5,57,10415,4311,6,0,1,0,1,3.6,0.36,0.47,29,5,2.4154,0.0025,0.7,1
user_2083_6,37,148,2151,790,1,1,0,1,0.7,0.07,20.98,14,6,0.0688,4.4537,1.0,1
user_2084_2,15,71667,5132,21,1,1,0,0,4.09,0.71,0.29,25,2,13.962,0.0016,0.8,1
user_2085_4,110,4468,4726,17,1,1,0,1,2.37,0.3,0.07,32,4,0.9452,0.0113,1.8,1
user_2086_5,82,7190,4366,6,1,1,0,0,0.96,0.06,0.21,34,5,1.6464,0.0009,1.6,1
user_2087_5,83,273,3345,595,1,0,0,0,0.35,0.41,48.79,0,5,0.0816,2.5407,0.5,1
user_2088_0,2984,52262,735,3628,1,1,1,1,946.84,309.83,6.56,83,0,71.0082,108.7435,1.8,0
user_2089_4,26,8113,4274,14,1,0,0,0,3.46,0.61,0.37,0,4,1.8978,0.0081,0.5,1
user_2090_0,395,347,833,1604,1,1,0,1,21.24,7.64,1.87,107,0,0.4161,168.3278,1.8,0
user_2091_0,1762,863,105,135,1,1,0,1,16.62,1.62,1.22,55,0,8.1415,3.1031,1.8,0
user_2092_0,1558,601,184,972,1,0,0,1,21.77,5.1,0.7,0,0,3.2486,51.6193,0.7,0
user_2093_3,222,7,672,2,0,0,0,0,0.0,0.0,0.0,0,3,0.0104,0.0,0.2,1
user_2094_5,100,14787,4045,6,1,0,0,1,3.58,0.2,0.42,0,5,3.6547,0.0016,0.7,1
user_2095_8,30,180,4701,873,1,0,0,0,1.14,0.61,97.84,0,8,0.0383,11.3828,0.5,1
user_2096_0,331,794,1755,1499,1,1,0,0,18.55,2.71,0.61,63,0,0.4522,45.1963,1.6,0
user_2097_0,554,54465,559,3323,1,1,0,1,2515.85,40.08,7.18,136,0,97.2589,158.384,1.8,0
user_2098_0,588,82944,567,3117,1,1,0,1,493.9,395.83,6.49,96,0,146.0282,48.3102,1.8,0
user_2099_4,288,10,789,1,1,0,0,0,0.0,0.0,0.0,0,4,0.0127,0.0,0.5,1
user_2100_0,1120,72354,872,4279,1,1,1,1,1429.22,55.63,1.67,108,0,82.8797,91.1024,1.8,0
user_2101_6,31,121,4683,3726,1,0,0,0,0.02,0.09,45.72,0,6,0.0258,6.1082,0.5,1
user_2102_2,237,420,1265,1838,1,0,0,1,19.84,4.85,0.18,0,2,0.3318,128.9656,0.7,0
user_2103_0,1038,392,163,355,1,1,0,0,8.45,2.68,0.61,74,0,2.3902,12.4747,1.6,0
user_2104_7,16,45,3228,747,1,0,0,0,0.17,0.11,101.21,0,7,0.0139,6.3333,0.5,1
user_2105_0,216,697,351,1490,1,1,0,1,25.89,4.2,0.3,99,0,1.9801,73.1979,1.8,0
user_2106_0,778,532,489,274,1,1,0,1,16.91,3.86,2.34,88,0,1.0857,12.6616,1.8,0
user_2107_0,157,1690,831,220,1,1,0,0,16.23,3.22,0.16,94,0,2.0312,2.9494,1.6,0
user_2108_1,3498,179,785,519,1,1,0,1,24.71,0.0,0.53,65,1,0.2277,71.2472,1.8,0
user_2109_0,1050,714,81,1494,1,1,0,1,18.01,1.26,0.74,46,0,8.7073,42.8977,1.8,0
user_2110_0,231,385,300,575,1,1,0,1,19.34,4.17,2.33,70,0,1.2791,41.2332,1.8,0
user_2111_0,517,115731,802,3154,1,1,0,1,247.9,138.96,7.22,108,0,144.1233,14.33,1.8,0
user_2112_0,490,485,776,521,1,1,0,1,24.07,1.28,1.28,56,0,0.6242,28.5478,1.8,0
user_2113_1,1449,348,2745,237,1,1,0,1,23.48,0.0,1.27,101,1,0.1267,15.9449,1.8,0
user_2114_0,2289,342,909,942,1,1,0,1,20.33,5.09,1.36,93,0,0.3758,83.7913,1.8,0
user_2115_2,56,53210,4080,30,1,0,0,1,3.73,0.75,0.46,0,2,13.0385,0.0029,0.7,1
user_2116_0,631,568,152,470,1,1,0,1,17.0,7.36,0.37,62,0,3.7124,26.2011,1.8,0
user_2117_6,47,213,4110,684,1,0,0,0,1.3,0.33,93.78,0,6,0.0518,6.2647,0.5,1
user_2118_1,1448,140,1291,1663,1,1,0,1,7.07,8.08,1.92,76,1,0.1084,273.9822,1.8,0
user_2119_4,35,299,3020,149,0,0,0,0,0.42,0.04,87.29,0,4,0.099,0.2483,0.2,1
user_2120_1,198,590,472,439,1,0,0,0,11.89,4.8,1.47,0,1,1.2474,15.963,0.5,0
user_2121_3,114,7955,4746,31,1,0,0,1,4.91,0.49,0.23,0,3,1.6758,0.0229,0.7,1
user_2122_6,59,22,3397,134,1,0,0,0,1.2,0.04,31.65,0,6,0.0065,7.4574,0.5,1
user_2123_2,449,224,243,262,1,1,0,0,24.03,3.25,1.89,86,2,0.918,35.5505,1.6,0
user_2124_3,128,4,1006,1,0,1,0,0,0.0,0.0,0.0,0,3,0.004,0.0,0.5,1
user_2125_0,600,641,534,785,1,1,1,1,15.98,0.0,1.5,79,0,1.1981,19.5394,1.8,0
user_2126_1,175,350,333,163,1,1,1,1,30.03,2.62,1.67,68,1,1.0479,16.3789,1.8,0
user_2127_6,598,5,1193,3,0,0,0,0,0.0,0.0,0.0,0,6,0.0042,0.0,0.2,1
user_2128_4,82,140,2481,403,1,0,0,1,1.01,0.52,73.74,0,4,0.0564,5.8592,0.7,1
user_2129_4,413,19,1120,0,0,1,0,0,0.0,0.0,0.0,0,4,0.0169,0.0,0.5,1
user_2130_8,71,233,2291,7509,1,0,0,1,0.43,0.55,50.5,0,8,0.1017,49.0973,0.7,1
user_2131_0,670,136,300,896,1,1,0,1,20.5,1.55,1.81,89,0,0.4518,154.3474,1.8,0
user_2132_0,2272,1771,418,302,1,1,0,1,12.93,3.24,1.09,55,0,4.2267,3.308,1.8,0
user_2133_0,162,444,1537,230,1,1,0,0,21.14,6.36,2.33,46,0,0.2887,17.5007,1.6,0
user_2134_7,19,71,3362,488,1,0,0,1,1.21,0.37,33.99,0,7,0.0211,13.2167,0.7,1
user_2135_6,411,0,132,3,0,0,0,0,0.0,0.0,0.0,0,6,0.0,0.0,0.2,1
user_2136_6,26,104,2326,4880,1,1,0,0,0.95,0.31,50.67,20,6,0.0447,72.9676,0.8,1
user_2137_2,249,248,544,193,1,1,0,1,16.48,4.08,0.57,98,2,0.455,19.0985,1.8,0
user_2138_3,116,9339,4867,20,1,0,0,0,3.79,0.75,0.39,0,3,1.9184,0.0113,0.5,1
user_2139_0,1035,10808,491,3454,1,1,1,1,211.46,838.6,4.61,73,0,21.9675,603.5185,1.8,0
user_2140_6,35,85,4501,1038,0,0,0,0,0.38,0.35,20.96,0,6,0.0189,13.0353,0.2,1
user_2141_6,40,131,1808,551,0,0,0,0,1.42,0.06,77.99,0,6,0.0724,6.4283,0.2,1
user_2142_0,2977,21504,1100,3328,1,1,0,1,547.42,132.52,5.32,104,0,19.5313,125.732,1.8,0
user_2143_1,546,235,581,1033,1,1,0,0,17.86,0.65,2.26,93,1,0.4038,83.8656,1.6,0
user_2144_6,52,126,4884,1990,1,0,0,0,0.39,0.2,90.05,0,6,0.0258,12.3787,0.5,1
user_2145_4,43,16696,3837,24,1,0,0,1,4.13,0.26,0.19,0,4,4.3502,0.0067,0.7,1
user_2146_3,88,20218,3731,16,0,1,0,0,4.72,0.83,0.44,37,3,5.4175,0.005,1.3,1
user_2147_5,18,16,4247,255,1,1,0,1,0.37,0.54,19.54,25,5,0.0038,21.75,1.0,1
user_2148_5,38,4063,3717,26,0,1,0,0,2.04,0.57,0.18,21,5,1.0928,0.0203,0.5,1
user_2149_0,188,341,115,98,1,1,1,0,8.85,0.28,0.33,42,0,2.9397,2.6964,1.6,0
user_2150_1,224,978,418,226,1,1,0,0,33.41,7.59,1.28,40,1,2.3341,11.2169,1.6,0
user_2151_0,1286,139248,623,3746,1,1,1,1,2368.38,236.97,4.88,91,0,223.1538,76.4625,1.8,0
user_2152_3,26,51770,5509,38,1,0,0,0,2.34,0.66,0.34,0,3,9.3956,0.0027,0.5,1
user_2153_3,100,3399,5286,29,1,1,0,1,0.75,0.49,0.09,14,3,0.6429,0.0148,1.0,1
user_2154_0,2772,507,1157,194,1,0,0,1,25.43,3.54,2.28,0,0,0.4378,12.4152,0.7,0
user_2155_4,119,8324,4003,45,1,0,0,1,3.79,0.85,0.07,0,4,2.0789,0.0297,0.7,1
user_2156_5,72,19478,4225,41,1,1,0,0,1.72,0.04,0.21,21,5,4.6091,0.0038,0.8,1
user_2157_5,60,18838,5231,39,1,1,0,1,4.84,0.22,0.3,28,5,3.6005,0.0109,1.0,1
user_2158_0,712,1451,145,767,1,1,0,0,18.84,4.67,2.06,86,0,9.9384,14.8857,1.6,0
user_2159_4,66,22823,4416,30,1,0,0,1,2.7,0.1,0.23,0,4,5.1671,0.0038,0.7,1
user_2160_5,11,111,4379,2190,0,1,0,0,0.75,0.78,114.45,13,5,0.0253,45.1688,0.5,1
user_2161_0,144,607,442,3431,1,0,0,0,21.93,4.2,0.65,0,0,1.3702,171.155,0.5,0
user_2162_4,109,22006,4950,20,1,0,0,1,3.87,0.61,0.24,0,4,4.4448,0.0046,0.7,1
user_2163_0,143,994,478,527,1,1,0,1,22.5,1.56,1.98,93,0,2.0752,13.5696,1.8,0
user_2164_8,61,208,3185,2299,0,1,0,0,0.22,0.46,92.64,6,8,0.0653,12.54,0.5,1
user_2165_4,402,9,1508,3,0,0,0,0,0.0,0.0,0.0,0,4,0.006,0.0,0.2,1
user_2166_6,563,5,541,0,0,0,0,0,0.0,0.0,0.0,0,6,0.0092,0.0,0.2,1
user_2167_0,895,1067,963,2924,1,1,0,1,26.31,9.69,2.1,65,0,1.1068,125.0913,1.8,0
user_2168_0,3325,88016,772,3391,1,1,1,1,341.39,435.77,2.28,118,0,113.8629,46.7301,1.8,0
user_2169_0,632,1377,235,2245,1,0,0,0,29.2,3.76,0.62,0,0,5.8347,59.8232,0.5,0
user_2170_0,1260,1299,622,899,1,1,0,0,31.75,1.17,0.28,14,0,2.0851,23.5745,0.8,0
user_2171_0,1565,32535,1079,3647,1,1,1,1,252.23,910.35,5.94,91,0,30.125,232.3573,1.8,0
user_2172_0,266,462,576,1281,1,1,1,1,19.65,2.53,1.75,58,0,0.8007,68.3661,1.8,0
user_2173_0,442,1053,1260,735,1,1,0,0,14.57,3.66,0.36,119,0,0.8351,15.2648,1.6,0
user_2174_4,103,22219,5100,10,1,1,0,0,4.35,0.91,0.43,34,4,4.3558,0.0028,1.6,1
user_2175_4,86,27629,3871,21,1,0,0,1,4.8,0.71,0.5,0,4,7.1356,0.0047,0.7,1
user_2176_0,1523,1350,109,446,1,1,0,0,23.17,1.28,1.71,66,0,12.2727,8.4941,1.6,0
user_2177_0,573,1341,550,140,1,1,0,1,5.18,4.28,0.65,77,0,2.4338,1.4334,1.8,0
user_2178_8,64,201,1740,999,1,1,0,0,0.24,0.36,52.36,22,8,0.1155,4.7477,0.8,1
user_2179_0,171,864,608,385,1,1,0,1,13.69,6.76,2.32,51,0,1.4187,12.1108,1.8,0
user_2180_7,57,101,2073,181,0,0,0,0,0.39,0.7,69.09,0,7,0.0487,3.1764,0.2,1
user_2181_0,483,356,470,609,1,1,0,0,19.74,3.63,2.45,33,0,0.7558,46.0588,1.6,0
user_2182_5,82,186,4181,2793,1,1,0,0,0.8,0.19,93.11,16,5,0.0445,17.6243,0.8,1
user_2183_7,64,281,2079,2195,0,1,0,0,0.98,0.63,52.27,28,7,0.1351,17.4355,0.5,1
user_2184_1,126,586,801,531,1,1,0,0,21.07,0.0,1.69,46,1,0.7307,19.0599,1.6,0
user_2185_4,108,11949,4709,45,1,1,0,0,4.7,0.72,0.47,33,4,2.5369,0.0231,1.6,1
user_2186_0,395,765,359,549,1,1,0,1,3.06,0.97,1.34,94,0,2.125,3.5836,1.8,0
user_2187_0,1627,1418,515,719,1,1,0,0,20.72,7.0,2.29,110,0,2.7481,17.5924,1.6,0
user_2188_2,800,639,368,770,1,1,0,0,20.45,4.02,1.41,97,2,1.7317,34.277,1.6,0
user_2189_8,77,112,3440,2011,0,0,0,0,0.22,0.3,92.63,0,8,0.0325,14.5931,0.2,1
user_2190_0,1735,15437,844,4870,1,1,1,1,555.63,228.32,7.72,115,0,18.2686,319.326,1.8,0
user_2191_3,250,17,1873,1,0,0,0,0,0.0,0.0,0.0,0,3,0.0091,0.0,0.2,1
user_2192_0,1544,403,165,1595,1,1,0,1,23.74,6.2,1.12,71,0,2.4277,142.6814,1.8,0
user_2193_0,394,1029,265,377,1,1,0,0,10.96,0.07,2.04,46,0,3.8684,4.0628,1.6,0
user_2194_0,3674,1014,1595,1024,1,1,0,1,21.52,5.31,1.86,49,0,0.6353,32.425,1.8,0
user_2195_0,1229,303247,408,5905,1,1,1,1,1345.68,338.5,3.06,120,0,741.4352,39.3867,1.8,0
user_2196_0,1706,54469,803,3218,1,1,1,1,579.02,179.41,2.67,74,0,67.7475,55.4061,1.8,0
user_2197_5,75,292,3747,1338,0,0,0,0,0.61,0.79,15.09,0,5,0.0779,10.0008,0.2,1
user_2198_0,1130,369,210,616,1,0,0,1,13.29,6.74,1.02,0,0,1.7488,44.5684,0.7,0
user_2199_0,1367,41565,1016,4111,1,1,0,1,1367.62,60.93,5.86,90,0,40.8702,147.314,1.8,0
