username,display_name,platform,followers_count,posts_count,account_age_days,has_profile_pic,has_bio,is_verified,has_url,avg_likes_per_post,avg_retweets_per_post,posting_frequency_per_day
user_52286,Fake User 1,LinkedIn,576,19,64,0,0,0,1,17.2,5.9,1.06
user_13690,Fake User 2,Instagram,144,11,49,1,0,0,0,2.3,5.2,0.49
user_93289,Fake User 3,Instagram,151,0,92,0,1,0,1,17.4,1.2,1.08
user_68454,Fake User 4,LinkedIn,107,8,48,1,0,0,0,17.8,9.6,0.09
user_75337,Fake User 5,Facebook,675,22,53,0,0,0,1,0.4,7.7,1.98
user_97711,Fake User 6,Twitter/X,664,22,9,0,1,0,0,20.3,5.9,1.54
user_78525,Fake User 7,Instagram,462,16,52,0,0,0,0,16.8,5.4,1.5
user_83553,Fake User 8,Instagram,75,28,121,0,0,0,0,14.8,9.1,0.97
user_79788,Fake User 9,LinkedIn,534,2,66,1,0,0,0,18.6,2.1,0.0
user_75426,Fake User 10,LinkedIn,252,0,41,0,0,0,0,20.1,9.8,0.54
user_28226,Fake User 11,Twitter/X,547,20,81,1,0,0,0,2.8,3.1,1.04
user_32345,Fake User 12,Instagram,417,2,78,0,1,0,0,6.8,0.5,0.76
user_93465,Fake User 13,Instagram,781,11,60,1,1,0,1,8.2,6.5,2.0
user_30998,Fake User 14,LinkedIn,773,24,14,1,0,0,0,2.0,5.9,1.84
user_30635,Fake User 15,Instagram,553,7,122,1,0,0,0,21.8,0.3,0.03
user_82403,Fake User 16,Twitter/X,46,26,165,0,1,0,0,8.2,1.2,0.53
user_80531,Fake User 17,Instagram,712,8,129,1,0,0,0,18.6,6.1,0.92
user_16202,Fake User 18,LinkedIn,87,16,17,0,0,0,1,19.0,4.8,0.53
user_47994,Fake User 19,Twitter/X,681,4,73,1,0,0,1,13.3,8.8,1.06
user_92951,Fake User 20,Instagram,241,11,148,1,0,0,0,15.1,7.7,1.44
user_39402,Fake User 21,Instagram,480,11,148,0,1,0,0,2.3,2.4,0.15
user_40639,Fake User 22,LinkedIn,270,26,129,0,1,0,0,23.2,5.7,0.27
user_76763,Fake User 23,Twitter/X,787,19,94,1,1,0,1,7.1,0.1,1.78
user_49343,Fake User 24,LinkedIn,367,24,84,0,0,0,0,3.6,0.3,0.03
user_10746,Fake User 25,Twitter/X,232,32,107,0,1,0,1,18.3,5.0,1.84
user_16311,Fake User 26,Instagram,492,5,69,0,0,0,1,6.7,6.1,1.02
user_16514,Fake User 27,Instagram,699,7,139,1,0,0,0,4.1,2.9,0.88
user_65695,Fake User 28,Instagram,629,18,80,0,1,0,0,3.0,0.3,1.58
user_59634,Fake User 29,Instagram,649,3,85,0,0,0,0,19.4,5.4,0.27
user_14502,Fake User 30,Twitter/X,169,38,8,0,1,0,1,23.9,9.9,0.27
user_14520,Fake User 31,LinkedIn,588,30,93,0,1,0,0,0.4,5.3,0.22
user_25470,Fake User 32,Instagram,129,7,49,1,0,0,0,6.9,4.9,1.76
user_85244,Fake User 33,Facebook,682,11,31,0,0,0,0,23.0,1.4,0.52
user_11306,Fake User 34,LinkedIn,508,25,139,0,0,0,0,1.1,6.7,1.56
user_14279,Fake User 35,Instagram,717,33,25,0,0,0,0,14.2,8.4,1.37
user_47728,Fake User 36,LinkedIn,751,14,77,0,0,0,1,9.7,6.6,1.27
user_84645,Fake User 37,LinkedIn,672,38,94,0,1,0,0,12.6,3.3,0.35
user_53629,Fake User 38,Instagram,688,17,73,1,0,0,0,4.9,1.3,0.68
user_57104,Fake User 39,Facebook,641,18,56,1,1,0,1,2.5,5.6,0.85
user_95113,Fake User 40,Twitter/X,538,5,13,0,0,0,0,22.0,5.9,0.84
user_26215,Fake User 41,Twitter/X,20,17,64,0,0,0,0,20.2,0.9,0.45
user_17726,Fake User 42,Facebook,7,3,125,1,0,0,0,9.6,9.0,0.16
user_14823,Fake User 43,LinkedIn,308,39,125,0,1,0,1,21.3,9.9,1.18
user_66823,Fake User 44,Instagram,507,22,73,1,0,0,0,1.6,2.8,1.02
user_53847,Fake User 45,LinkedIn,170,39,54,1,0,0,1,13.6,2.6,1.95
user_36312,Fake User 46,LinkedIn,620,19,89,0,1,0,0,23.0,5.9,0.59
user_85751,Fake User 47,Twitter/X,22,34,14,1,1,0,0,13.7,1.1,0.0
user_36288,Fake User 48,LinkedIn,261,23,165,1,0,0,0,9.5,3.2,0.81
user_97628,Fake User 49,LinkedIn,174,14,144,1,0,0,0,18.5,0.5,1.85
user_55004,Fake User 50,LinkedIn,216,6,69,0,0,0,1,4.3,4.1,0.14
user_38703,Fake User 51,Facebook,72,31,37,1,0,0,0,22.9,7.2,0.35
user_44304,Fake User 52,LinkedIn,210,23,154,1,0,0,0,3.3,6.1,1.7
user_42627,Fake User 53,Instagram,407,15,52,0,0,0,1,21.2,9.2,1.76
user_43175,Fake User 54,Facebook,478,25,83,0,1,0,0,20.4,1.4,0.07
user_74560,Fake User 55,Instagram,678,11,76,1,0,0,0,17.9,3.1,0.46
user_11322,Fake User 56,LinkedIn,75,3,152,1,0,0,0,17.0,5.4,0.16
user_31161,Fake User 57,LinkedIn,475,10,178,1,0,0,0,18.4,0.4,0.84
user_10734,Fake User 58,Instagram,531,6,45,0,0,0,0,8.1,8.9,1.08
user_21469,Fake User 59,Twitter/X,259,40,80,0,0,0,1,9.5,2.9,0.41
user_21247,Fake User 60,LinkedIn,715,15,41,1,0,0,1,7.6,2.2,1.84
user_13296,Fake User 61,Twitter/X,620,17,71,1,1,0,0,21.8,0.6,0.02
user_17071,Fake User 62,Twitter/X,115,7,63,0,0,0,0,1.2,3.1,1.68
user_47611,Fake User 63,Instagram,88,5,126,0,0,0,1,21.4,0.2,1.45
user_56105,Fake User 64,LinkedIn,687,2,114,0,0,0,1,2.1,5.8,0.57
user_24374,Fake User 65,Twitter/X,135,0,70,0,1,0,0,13.3,6.7,0.18
user_83029,Fake User 66,LinkedIn,268,7,119,0,0,0,0,4.2,4.4,1.64
user_76336,Fake User 67,LinkedIn,506,19,179,0,0,0,1,19.4,7.7,0.8
user_76633,Fake User 68,Twitter/X,786,14,92,0,0,0,1,19.6,1.1,0.29
user_10086,Fake User 69,Twitter/X,498,5,152,1,0,0,0,10.3,9.3,0.6
user_70086,Fake User 70,Twitter/X,338,9,94,0,1,0,0,6.6,6.5,1.05
user_62299,Fake User 71,Facebook,262,35,154,0,1,0,0,23.7,9.1,0.41
user_40795,Fake User 72,Instagram,248,23,21,0,0,0,1,15.2,8.8,0.55
user_72050,Fake User 73,Facebook,364,30,163,0,0,0,0,1.3,7.7,0.61
user_13514,Fake User 74,Facebook,591,17,19,0,0,0,1,3.3,8.3,0.35
user_67084,Fake User 75,LinkedIn,383,5,49,0,0,0,0,10.0,8.5,0.75
user_86654,Fake User 76,LinkedIn,331,5,43,0,1,0,1,8.4,1.9,0.2
user_29754,Fake User 77,LinkedIn,193,36,5,1,1,0,0,4.6,8.0,1.15
user_79931,Fake User 78,Twitter/X,284,36,168,1,0,0,0,7.2,9.0,0.74
user_46162,Fake User 79,Facebook,392,33,22,1,0,0,0,13.2,8.7,0.92
user_73363,Fake User 80,Facebook,715,27,109,1,1,0,0,9.0,8.0,1.57
user_46887,Fake User 81,Instagram,286,2,42,1,0,0,1,19.6,6.4,0.19
user_26786,Fake User 82,Twitter/X,440,31,68,1,1,0,1,19.9,0.3,0.95
user_18184,Fake User 83,Facebook,291,38,30,0,0,0,0,8.7,0.5,0.89
user_14081,Fake User 84,Instagram,4,23,102,0,0,0,0,8.8,4.2,1.32
user_62210,Fake User 85,Facebook,238,37,71,0,0,0,1,13.4,5.3,0.05
user_19017,Fake User 86,LinkedIn,178,32,117,0,0,0,0,24.3,9.0,1.98
user_21164,Fake User 87,Facebook,532,38,139,0,0,0,0,16.8,5.9,0.24
user_28126,Fake User 88,Twitter/X,104,4,127,1,0,0,0,15.8,7.1,0.51
user_92803,Fake User 89,Instagram,505,37,2,1,0,0,0,9.1,7.5,1.54
user_73881,Fake User 90,Instagram,139,3,156,0,1,0,0,0.5,4.8,1.19
user_31933,Fake User 91,Facebook,775,0,87,0,1,0,1,15.7,9.9,1.83
user_69118,Fake User 92,LinkedIn,22,10,101,0,0,0,0,17.2,0.9,1.94
user_98261,Fake User 93,Facebook,772,3,49,0,0,0,0,17.8,9.6,1.43
user_70172,Fake User 94,LinkedIn,590,16,12,0,0,0,0,14.8,3.9,1.35
user_95031,Fake User 95,Facebook,695,13,147,1,0,0,0,22.3,1.1,1.29
user_94944,Fake User 96,LinkedIn,66,37,156,1,1,0,0,17.3,0.5,0.69
user_38265,Fake User 97,LinkedIn,665,31,89,0,0,0,0,24.2,2.2,0.06
user_32513,Fake User 98,Instagram,647,37,164,0,1,0,1,14.6,8.2,1.85
user_35252,Fake User 99,LinkedIn,647,16,70,0,1,0,0,8.5,7.8,1.63
user_65010,Fake User 100,Twitter/X,605,13,12,0,0,0,0,22.7,2.6,0.93
